cell_id,scenario,design,n,p,replicate,seed,method,weight,coverage,half_width,ise,true_critical,true_gain,harm_numeric,oracle_regret,certified_lower,gate_references,evaluation_references,gate_radius,fallback,warning,paired_width_ratio,paired_ise_difference
1,aligned,random,6000,0.05,0,2026192801,Anchor,0.0,True,0.23131814030764106,0.0032513779624103326,0.627586091970016,0.0,False,0.1842793737185296,,36,32,0.16144622182568324,False,,1.0,0.0
1,aligned,random,6000,0.05,0,2026192801,Full,1.0,True,0.14757088588922918,0.0018276939336866677,0.44330671825148643,0.1842793737185296,False,0.0,,36,32,0.16144622182568324,False,,0.637956390678948,-0.0014236840287236649
1,aligned,random,6000,0.05,0,2026192801,Trace,1.0,True,0.14757088588922918,0.0018276939336866677,0.44330671825148643,0.1842793737185296,False,0.0,,36,32,0.16144622182568324,False,,0.637956390678948,-0.0014236840287236649
1,aligned,random,6000,0.05,0,2026192801,Plug-in band,1.0,True,0.14757088588922918,0.0018276939336866677,0.44330671825148643,0.1842793737185296,False,0.0,,36,32,0.16144622182568324,False,,0.637956390678948,-0.0014236840287236649
1,aligned,random,6000,0.05,0,2026192801,Paired,0.6000000000000001,True,0.1677922389288157,0.002262044269598547,0.47918632905701497,0.14839976291300105,False,0.03587961080552854,0.03741288350619949,36,32,0.16144622182568324,False,,0.7253743208624311,-0.0009893336928117856
1,aligned,random,6000,0.05,0,2026192801,Projection,,True,0.1573128459783475,0.0023425356002780774,0.4673895494147148,0.16019654255530125,False,,,36,32,0.16144622182568324,False,,0.680071376024075,-0.0009088423621322552
1,aligned,random,6000,0.05,1,2026192802,Anchor,0.0,True,0.19787883487155997,0.0027268825108324834,0.6240677516290376,0.0,False,0.19169786166697406,,48,27,0.16972205908349783,False,,1.0,0.0
1,aligned,random,6000,0.05,1,2026192802,Full,1.0,True,0.16803370910364765,0.0010007743822966907,0.43236988996206355,0.19169786166697406,False,0.0,,48,27,0.16972205908349783,False,,0.8491747448013613,-0.0017261081285357928
1,aligned,random,6000,0.05,1,2026192802,Trace,0.9756487192322225,True,0.16761245202781935,0.0010147252770436417,0.43256877894268675,0.19149897268635085,False,0.00019888898062320193,,48,27,0.16972205908349783,False,,0.8470458810646119,-0.0017121572337888418
1,aligned,random,6000,0.05,1,2026192802,Plug-in band,1.0,True,0.16803370910364765,0.0010007743822966907,0.43236988996206355,0.19169786166697406,False,0.0,,48,27,0.16972205908349783,False,,0.8491747448013613,-0.0017261081285357928
1,aligned,random,6000,0.05,1,2026192802,Paired,0.7000000000000001,True,0.16713333307218586,0.001270389090882189,0.45430331896488335,0.16976443266415425,False,0.021933429002819804,0.13164977486874285,48,27,0.16972205908349783,False,,0.8446246066724088,-0.0014564934199502945
1,aligned,random,6000,0.05,1,2026192802,Projection,,True,0.17028746167952472,0.0005902308636471993,0.4408536260978046,0.183214125531233,False,,,48,27,0.16972205908349783,False,,0.8605643033528857,-0.0021366516471852844
1,aligned,random,6000,0.05,2,2026192803,Anchor,0.0,True,0.24310909365575017,0.012490849581218788,0.6251025507990957,0.0,False,0.19126719741365455,,29,47,0.16110730913780222,False,,1.0,0.0
1,aligned,random,6000,0.05,2,2026192803,Full,1.0,True,0.16350783973744276,0.004129278449016697,0.43383535338544116,0.19126719741365455,False,0.0,,29,47,0.16110730913780222,False,,0.6725698215508746,-0.008361571132202091
1,aligned,random,6000,0.05,2,2026192803,Trace,1.0,True,0.16350783973744276,0.004129278449016697,0.43383535338544116,0.19126719741365455,False,0.0,,29,47,0.16110730913780222,False,,0.6725698215508746,-0.008361571132202091
1,aligned,random,6000,0.05,2,2026192803,Plug-in band,1.0,True,0.16350783973744276,0.004129278449016697,0.43383535338544116,0.19126719741365455,False,0.0,,29,47,0.16110730913780222,False,,0.6725698215508746,-0.008361571132202091
1,aligned,random,6000,0.05,2,2026192803,Paired,0.6000000000000001,True,0.17501957042133326,0.006164312081374847,0.46914089288666777,0.15596165791242794,False,0.03530553950122661,0.05788287374070851,29,47,0.16110730913780222,False,,0.7199219403498178,-0.0063265374998439415
1,aligned,random,6000,0.05,2,2026192803,Projection,,True,0.17102380946106036,0.003905997695412005,0.47061044103622,0.1544921097628757,False,,,29,47,0.16110730913780222,False,,0.7034858585061209,-0.008584851885806783
1,aligned,random,6000,0.05,3,2026192804,Anchor,0.0,True,0.2193637867396696,0.004088996757015364,0.6260854728906045,0.0,False,0.1943043437176163,,24,33,0.15765719071732698,False,,1.0,0.0
1,aligned,random,6000,0.05,3,2026192804,Full,1.0,True,0.1412929512107693,0.003254421563746528,0.43178112917298817,0.1943043437176163,False,0.0,,24,33,0.15765719071732698,False,,0.6441033559401897,-0.0008345751932688356
1,aligned,random,6000,0.05,3,2026192804,Trace,1.0,True,0.1412929512107693,0.003254421563746528,0.43178112917298817,0.1943043437176163,False,0.0,,24,33,0.15765719071732698,False,,0.6441033559401897,-0.0008345751932688356
1,aligned,random,6000,0.05,3,2026192804,Plug-in band,1.0,True,0.1412929512107693,0.003254421563746528,0.43178112917298817,0.1943043437176163,False,0.0,,24,33,0.15765719071732698,False,,0.6441033559401897,-0.0008345751932688356
1,aligned,random,6000,0.05,3,2026192804,Paired,0.6000000000000001,True,0.1619725832982218,0.0034517969640946097,0.47040485158690415,0.1556806213037003,False,0.038623722413915984,0.03755729596461696,24,33,0.15765719071732698,False,,0.7383743037333828,-0.000637199792920754
1,aligned,random,6000,0.05,3,2026192804,Projection,,True,0.14520153627977553,0.0034548431496945384,0.44760488176991087,0.1784805911206936,False,,,24,33,0.15765719071732698,False,,0.6619211786861325,-0.0006341536073208253
2,aligned,random,6000,0.1,0,2026292801,Anchor,0.0,True,0.15538489451075196,0.002031477903598859,0.6274841718868559,0.0,False,0.1784561433760249,,58,75,0.10315967004041438,False,,1.0,0.0
2,aligned,random,6000,0.1,0,2026292801,Full,1.0,True,0.1203197717237563,0.0021985207823285867,0.449028028510831,0.1784561433760249,False,0.0,,58,75,0.10315967004041438,False,,0.7743337735794562,0.0001670428787297275
2,aligned,random,6000,0.1,0,2026292801,Trace,0.884780817311629,True,0.11979440437032068,0.0021478395186833614,0.4504351497477032,0.1770490221391527,False,0.0014071212368721997,,58,75,0.10315967004041438,False,,0.7709527026260035,0.00011636161508450215
2,aligned,random,6000,0.1,0,2026292801,Plug-in band,0.9,True,0.11978443174978605,0.0021540646653227867,0.44988601017433744,0.17759816171251847,False,0.0008579816635064241,,58,75,0.10315967004041438,False,,0.7708885225101304,0.00012258676172392747
2,aligned,random,6000,0.1,0,2026292801,Paired,0.5,True,0.12776016469839155,0.002037910928705799,0.4976797132249132,0.12980445866194268,False,0.04865168471408221,0.03478619298254382,58,75,0.10315967004041438,False,,0.8222174047268868,6.433025106939664e-06
2,aligned,random,6000,0.1,0,2026292801,Projection,,True,0.12401915380786649,0.0024092350205110963,0.4568081837043638,0.17067598818249208,False,,,58,75,0.10315967004041438,False,,0.7981416353137525,0.0003777571169122371
2,aligned,random,6000,0.1,1,2026292802,Anchor,0.0,True,0.1514480532505593,0.0023915379187837487,0.6247415773162974,0.0,False,0.17979537597736583,,77,68,0.10346334577219604,False,,1.0,0.0
2,aligned,random,6000,0.1,1,2026292802,Full,1.0,True,0.12211034058233955,0.0015784784075667548,0.4449462013389316,0.17979537597736583,False,0.0,,77,68,0.10346334577219604,False,,0.8062853101209381,-0.000813059511216994
2,aligned,random,6000,0.1,1,2026292802,Trace,1.0,True,0.12211034058233955,0.0015784784075667548,0.4449462013389316,0.17979537597736583,False,0.0,,77,68,0.10346334577219604,False,,0.8062853101209381,-0.000813059511216994
2,aligned,random,6000,0.1,1,2026292802,Plug-in band,1.0,True,0.12211034058233955,0.0015784784075667548,0.4449462013389316,0.17979537597736583,False,0.0,,77,68,0.10346334577219604,False,,0.8062853101209381,-0.000813059511216994
2,aligned,random,6000,0.1,1,2026292802,Paired,0.9,True,0.12115029949824302,0.0016446208299726523,0.4463381564199603,0.17840342089633715,False,0.001391955081028684,0.13969417140077434,77,68,0.10346334577219604,False,,0.7999462317142436,-0.0007469170888110964
2,aligned,random,6000,0.1,1,2026292802,Projection,,True,0.12114680487326293,0.0015164971786632662,0.45070236562519794,0.17403921169109948,False,,,77,68,0.10346334577219604,False,,0.7999231569707584,-0.0008750407401204826
2,aligned,random,6000,0.1,2,2026292803,Anchor,0.0,True,0.13477076754377565,0.0010921313811988618,0.6248760295675865,0.0,False,0.17961083379202086,,69,62,0.1094543699873519,False,,1.0,0.0
2,aligned,random,6000,0.1,2,2026292803,Full,1.0,True,0.09768144629546141,0.0005074428490363659,0.4452651957755656,0.17961083379202086,False,0.0,,69,62,0.1094543699873519,False,,0.7247969873268916,-0.0005846885321624959
2,aligned,random,6000,0.1,2,2026292803,Trace,0.9502902486012353,True,0.09746732004721846,0.0005148821937669948,0.4450188687963363,0.1798571607712502,False,-0.00024632697922932767,,69,62,0.1094543699873519,False,,0.7232081691273262,-0.0005772491874318671
2,aligned,random,6000,0.1,2,2026292803,Plug-in band,1.0,True,0.09768144629546141,0.0005074428490363659,0.4452651957755656,0.17961083379202086,False,0.0,,69,62,0.1094543699873519,False,,0.7247969873268916,-0.0005846885321624959
2,aligned,random,6000,0.1,2,2026292803,Paired,0.7000000000000001,True,0.10032838521028475,0.0005867136152372752,0.46160419535726765,0.16327183421031882,False,0.01633899958170204,0.07725954543487183,69,62,0.1094543699873519,False,,0.744437291845923,-0.0005054177659615867
2,aligned,random,6000,0.1,2,2026292803,Projection,,True,0.09746640139105836,0.00060753370017535,0.4493612929710301,0.17551473659655636,False,,,69,62,0.1094543699873519,False,,0.7232013526924506,-0.0004845976810235118
2,aligned,random,6000,0.1,3,2026292804,Anchor,0.0,True,0.15870144586355114,0.005476899262321041,0.624671064068463,0.0,False,0.17999690416081449,,80,68,0.11138572254037807,False,,1.0,0.0
2,aligned,random,6000,0.1,3,2026292804,Full,1.0,True,0.11882811129092383,0.004318615894828047,0.44467415990764847,0.17999690416081449,False,0.0,,80,68,0.11138572254037807,False,,0.7487525437738624,-0.001158283367492994
2,aligned,random,6000,0.1,3,2026292804,Trace,0.9449415831181348,True,0.1189844634456269,0.004344629989960798,0.445194444342814,0.17947661972564893,False,0.0005202844351655522,,80,68,0.11138572254037807,False,,0.7497377405617827,-0.0011322692723602428
2,aligned,random,6000,0.1,3,2026292804,Plug-in band,0.9,True,0.11932097432045258,0.004369125750528553,0.44664555684312957,0.1780255072253334,False,0.0019713969354810956,,80,68,0.11138572254037807,False,,0.7518581426349623,-0.001107773511792488
2,aligned,random,6000,0.1,3,2026292804,Paired,0.6000000000000001,True,0.12615055626151475,0.004607746625695186,0.4784286607182053,0.14624240335025768,False,0.03375450081055681,0.0697767579305589,80,68,0.11138572254037807,False,,0.7948922933567782,-0.0008691526366258551
2,aligned,random,6000,0.1,3,2026292804,Projection,,True,0.12402199968726618,0.005614911562558824,0.4573588049140488,0.16731225915441417,False,,,80,68,0.11138572254037807,False,,0.7814799607679581,0.00013801230023778328
8,reversal,random,6000,0.1,0,2026892801,Anchor,0.0,True,0.1569503569170794,0.00216873804427287,0.6252824437899008,0.0,False,0.0,,71,84,0.06544490244979723,False,,1.0,0.0
8,reversal,random,6000,0.1,0,2026892801,Full,1.0,True,0.18007666394351174,0.0022955568599311955,0.736266278692631,-0.11098383490273012,True,0.11098383490273012,,71,84,0.06544490244979723,False,,1.1473479097511738,0.0001268188156583255
8,reversal,random,6000,0.1,0,2026892801,Trace,0.0,True,0.1569503569170794,0.00216873804427287,0.6252824437899008,0.0,False,0.0,,71,84,0.06544490244979723,False,,1.0,0.0
8,reversal,random,6000,0.1,0,2026892801,Plug-in band,0.0,True,0.1569503569170794,0.00216873804427287,0.6252824437899008,0.0,False,0.0,,71,84,0.06544490244979723,False,,1.0,0.0
8,reversal,random,6000,0.1,0,2026892801,Paired,0.0,True,0.1569503569170794,0.00216873804427287,0.6252824437899008,0.0,False,0.0,0.0,71,84,0.06544490244979723,False,,1.0,0.0
8,reversal,random,6000,0.1,0,2026892801,Projection,,True,0.13236793992812126,0.001338394888922597,0.498523951021852,0.12675849276804885,False,,,71,84,0.06544490244979723,False,,0.8433745709673944,-0.0008303431553502731
8,reversal,random,6000,0.1,1,2026892802,Anchor,0.0,True,0.1532684665069359,0.008666218189889222,0.6245036968587965,0.0,False,0.0,,64,85,0.055272061016032666,False,,1.0,0.0
8,reversal,random,6000,0.1,1,2026892802,Full,1.0,True,0.16818681666160792,0.011617805140072478,0.690311885938474,-0.06580818907967756,True,0.06580818907967756,,64,85,0.055272061016032666,False,,1.097334764904149,0.002951586950183256
8,reversal,random,6000,0.1,1,2026892802,Trace,0.0,True,0.1532684665069359,0.008666218189889222,0.6245036968587965,0.0,False,0.0,,64,85,0.055272061016032666,False,,1.0,0.0
8,reversal,random,6000,0.1,1,2026892802,Plug-in band,0.0,True,0.1532684665069359,0.008666218189889222,0.6245036968587965,0.0,False,0.0,,64,85,0.055272061016032666,False,,1.0,0.0
8,reversal,random,6000,0.1,1,2026892802,Paired,0.0,True,0.1532684665069359,0.008666218189889222,0.6245036968587965,0.0,False,0.0,0.0,64,85,0.055272061016032666,False,,1.0,0.0
8,reversal,random,6000,0.1,1,2026892802,Projection,,True,0.1297663385522442,0.0017541994125583108,0.5016853714994143,0.1228183253593822,False,,,64,85,0.055272061016032666,False,,0.8466603829847273,-0.006912018777330911
8,reversal,random,6000,0.1,2,2026892803,Anchor,0.0,True,0.16356047052046435,0.007880940943053484,0.6249785389464161,0.0,False,0.0,,75,83,0.03688804545969404,False,,1.0,0.0
8,reversal,random,6000,0.1,2,2026892803,Full,1.0,True,0.16418429269178214,0.008019440863176582,0.6278238792850114,-0.0028453403385952925,True,0.0028453403385952925,,75,83,0.03688804545969404,False,,1.003814015509571,0.00013849992012309777
8,reversal,random,6000,0.1,2,2026892803,Trace,0.0,True,0.16356047052046435,0.007880940943053484,0.6249785389464161,0.0,False,0.0,,75,83,0.03688804545969404,False,,1.0,0.0
8,reversal,random,6000,0.1,2,2026892803,Plug-in band,0.0,True,0.16356047052046435,0.007880940943053484,0.6249785389464161,0.0,False,0.0,,75,83,0.03688804545969404,False,,1.0,0.0
8,reversal,random,6000,0.1,2,2026892803,Paired,0.0,True,0.16356047052046435,0.007880940943053484,0.6249785389464161,0.0,False,0.0,0.0,75,83,0.03688804545969404,False,,1.0,0.0
8,reversal,random,6000,0.1,2,2026892803,Projection,,True,0.13668464777910558,0.0027112112744782416,0.504488224331895,0.12049031461452109,False,,,75,83,0.03688804545969404,False,,0.8356826520745664,-0.005169729668575242
8,reversal,random,6000,0.1,3,2026892804,Anchor,0.0,True,0.14661182445273227,0.0013094676965796945,0.6276061929813769,0.0,False,0.0,,75,63,0.04984679028907864,False,,1.0,0.0
8,reversal,random,6000,0.1,3,2026892804,Full,1.0,True,0.1614259824227988,0.001547779301387137,0.6883355005001043,-0.060729307518727405,True,0.060729307518727405,,75,63,0.04984679028907864,False,,1.1010434050961737,0.00023831160480744257
8,reversal,random,6000,0.1,3,2026892804,Trace,0.0,True,0.14661182445273227,0.0013094676965796945,0.6276061929813769,0.0,False,0.0,,75,63,0.04984679028907864,False,,1.0,0.0
8,reversal,random,6000,0.1,3,2026892804,Plug-in band,0.0,True,0.14661182445273227,0.0013094676965796945,0.6276061929813769,0.0,False,0.0,,75,63,0.04984679028907864,False,,1.0,0.0
8,reversal,random,6000,0.1,3,2026892804,Paired,0.0,True,0.14661182445273227,0.0013094676965796945,0.6276061929813769,0.0,False,0.0,0.0,75,63,0.04984679028907864,False,,1.0,0.0
8,reversal,random,6000,0.1,3,2026892804,Projection,,True,0.11895907058965655,0.0008979802874935752,0.5126818566390822,0.11492433634229471,False,,,75,63,0.04984679028907864,False,,0.8113879697882691,-0.00041148740908611924
9,no_signal,random,6000,0.1,0,2026992801,Anchor,0.0,True,0.15662293963491716,0.0018724578285659748,0.625439200362185,0.0,False,7.784370515628858e-06,,58,78,0.047474995148626895,False,,1.0,0.0
9,no_signal,random,6000,0.1,0,2026992801,Full,1.0,True,0.1566348519554851,0.00226617263149784,0.6261094275754244,-0.0006702272132393938,True,0.0006780115837550227,,58,78,0.047474995148626895,False,,1.0000760573169913,0.0003937148029318652
9,no_signal,random,6000,0.1,0,2026992801,Trace,0.0,True,0.15662293963491716,0.0018724578285659748,0.625439200362185,0.0,False,7.784370515628858e-06,,58,78,0.047474995148626895,False,,1.0,0.0
9,no_signal,random,6000,0.1,0,2026992801,Plug-in band,0.0,True,0.15662293963491716,0.0018724578285659748,0.625439200362185,0.0,False,7.784370515628858e-06,,58,78,0.047474995148626895,False,,1.0,0.0
9,no_signal,random,6000,0.1,0,2026992801,Paired,0.0,True,0.15662293963491716,0.0018724578285659748,0.625439200362185,0.0,False,7.784370515628858e-06,0.0,58,78,0.047474995148626895,False,,1.0,0.0
9,no_signal,random,6000,0.1,0,2026992801,Projection,,True,0.15756615109494168,0.001878502593881219,0.6279882898432048,-0.0025490894810197284,True,,,58,78,0.047474995148626895,False,,1.0060221795237856,6.044765315244092e-06
9,no_signal,random,6000,0.1,1,2026992802,Anchor,0.0,True,0.1626668781016438,0.0025704593587306084,0.628791257435992,0.0,False,0.0,,77,77,0.037997462771766084,False,,1.0,0.0
9,no_signal,random,6000,0.1,1,2026992802,Full,1.0,True,0.16236520835656185,0.0025465858889750343,0.6288247270573356,-3.346962134365139e-05,False,3.346962134365139e-05,,77,77,0.037997462771766084,False,,0.9981454752891155,-2.387346975557406e-05
9,no_signal,random,6000,0.1,1,2026992802,Trace,0.0,True,0.1626668781016438,0.0025704593587306084,0.628791257435992,0.0,False,0.0,,77,77,0.037997462771766084,False,,1.0,0.0
9,no_signal,random,6000,0.1,1,2026992802,Plug-in band,1.0,True,0.16236520835656185,0.0025465858889750343,0.6288247270573356,-3.346962134365139e-05,False,3.346962134365139e-05,,77,77,0.037997462771766084,False,,0.9981454752891155,-2.387346975557406e-05
9,no_signal,random,6000,0.1,1,2026992802,Paired,0.0,True,0.1626668781016438,0.0025704593587306084,0.628791257435992,0.0,False,0.0,0.0,77,77,0.037997462771766084,False,,1.0,0.0
9,no_signal,random,6000,0.1,1,2026992802,Projection,,True,0.1639979564565039,0.0028957575228587074,0.6320357651582742,-0.0032445077222822416,True,,,77,77,0.037997462771766084,False,,1.0081828481027857,0.00032529816412809904
9,no_signal,random,6000,0.1,2,2026992803,Anchor,0.0,True,0.14556858970418807,0.0066908231811388785,0.6257647969703694,0.0,False,9.184230506864566e-05,,77,59,0.04411571284283417,False,,1.0,0.0
9,no_signal,random,6000,0.1,2,2026992803,Full,1.0,True,0.14696723133737097,0.006651477681714617,0.6276456699355785,-0.0018808729652091127,True,0.0019727152702777584,,77,59,0.04411571284283417,False,,1.0096081279349145,-3.934549942426115e-05
9,no_signal,random,6000,0.1,2,2026992803,Trace,0.0,True,0.14556858970418807,0.0066908231811388785,0.6257647969703694,0.0,False,9.184230506864566e-05,,77,59,0.04411571284283417,False,,1.0,0.0
9,no_signal,random,6000,0.1,2,2026992803,Plug-in band,0.0,True,0.14556858970418807,0.0066908231811388785,0.6257647969703694,0.0,False,9.184230506864566e-05,,77,59,0.04411571284283417,False,,1.0,0.0
9,no_signal,random,6000,0.1,2,2026992803,Paired,0.0,True,0.14556858970418807,0.0066908231811388785,0.6257647969703694,0.0,False,9.184230506864566e-05,0.0,77,59,0.04411571284283417,False,,1.0,0.0
9,no_signal,random,6000,0.1,2,2026992803,Projection,,True,0.14883187192747507,0.006084117144868893,0.6312876203458986,-0.005522823375529229,True,,,77,59,0.04411571284283417,False,,1.0224174887585185,-0.0006067060362699855
9,no_signal,random,6000,0.1,3,2026992804,Anchor,0.0,True,0.14944361063303424,0.004153148704825155,0.6247103947802811,0.0,False,0.0,,81,69,0.041857332371758274,False,,1.0,0.0
9,no_signal,random,6000,0.1,3,2026992804,Full,1.0,True,0.14871467649620196,0.004254242226260855,0.6255273506371565,-0.0008169558568753565,True,0.0008169558568753565,,81,69,0.041857332371758274,False,,0.9951223465911687,0.00010109352143570019
9,no_signal,random,6000,0.1,3,2026992804,Trace,1.0,True,0.14871467649620196,0.004254242226260855,0.6255273506371565,-0.0008169558568753565,True,0.0008169558568753565,,81,69,0.041857332371758274,False,,0.9951223465911687,0.00010109352143570019
9,no_signal,random,6000,0.1,3,2026992804,Plug-in band,1.0,True,0.14871467649620196,0.004254242226260855,0.6255273506371565,-0.0008169558568753565,True,0.0008169558568753565,,81,69,0.041857332371758274,False,,0.9951223465911687,0.00010109352143570019
9,no_signal,random,6000,0.1,3,2026992804,Paired,0.0,True,0.14944361063303424,0.004153148704825155,0.6247103947802811,0.0,False,0.0,0.0,81,69,0.041857332371758274,False,,1.0,0.0
9,no_signal,random,6000,0.1,3,2026992804,Projection,,True,0.14833956485939714,0.00432344123927369,0.6318775114088209,-0.007167116628539749,True,,,81,69,0.041857332371758274,False,,0.9926122918941772,0.00017029253444853561
10,zero_path,random,6000,0.1,0,2027092801,Anchor,0.0,True,0.1248888725858123,0.00251351425341977,0.6256178685090606,0.0,False,0.0,,54,53,0.0,False,,1.0,0.0
10,zero_path,random,6000,0.1,0,2027092801,Full,1.0,True,0.1248888725858123,0.00251351425341977,0.6256178685090606,0.0,False,0.0,,54,53,0.0,False,,1.0,0.0
10,zero_path,random,6000,0.1,0,2027092801,Trace,0.0,True,0.1248888725858123,0.00251351425341977,0.6256178685090606,0.0,False,0.0,,54,53,0.0,False,,1.0,0.0
10,zero_path,random,6000,0.1,0,2027092801,Plug-in band,0.0,True,0.1248888725858123,0.00251351425341977,0.6256178685090606,0.0,False,0.0,,54,53,0.0,False,,1.0,0.0
10,zero_path,random,6000,0.1,0,2027092801,Paired,0.0,True,0.1248888725858123,0.00251351425341977,0.6256178685090606,0.0,False,0.0,0.0,54,53,0.0,False,,1.0,0.0
10,zero_path,random,6000,0.1,0,2027092801,Projection,,True,0.1248888725858123,0.00251351425341977,0.6256178685090606,0.0,False,,,54,53,0.0,False,,1.0,0.0
10,zero_path,random,6000,0.1,1,2027092802,Anchor,0.0,True,0.15135742426869545,0.0028049682573426994,0.6254259332074018,0.0,False,0.0,,60,69,0.0,False,,1.0,0.0
10,zero_path,random,6000,0.1,1,2027092802,Full,1.0,True,0.15135742426869545,0.0028049682573426994,0.6254259332074018,0.0,False,0.0,,60,69,0.0,False,,1.0,0.0
10,zero_path,random,6000,0.1,1,2027092802,Trace,0.0,True,0.15135742426869545,0.0028049682573426994,0.6254259332074018,0.0,False,0.0,,60,69,0.0,False,,1.0,0.0
10,zero_path,random,6000,0.1,1,2027092802,Plug-in band,0.0,True,0.15135742426869545,0.0028049682573426994,0.6254259332074018,0.0,False,0.0,,60,69,0.0,False,,1.0,0.0
10,zero_path,random,6000,0.1,1,2027092802,Paired,0.0,True,0.15135742426869545,0.0028049682573426994,0.6254259332074018,0.0,False,0.0,0.0,60,69,0.0,False,,1.0,0.0
10,zero_path,random,6000,0.1,1,2027092802,Projection,,True,0.15135742426869545,0.0028049682573426994,0.6254259332074018,0.0,False,,,60,69,0.0,False,,1.0,0.0
10,zero_path,random,6000,0.1,2,2027092803,Anchor,0.0,True,0.13126290393593126,0.0018015215948308638,0.6258214367053134,0.0,False,0.0,,52,53,0.0,False,,1.0,0.0
10,zero_path,random,6000,0.1,2,2027092803,Full,1.0,True,0.13126290393593126,0.0018015215948308638,0.6258214367053134,0.0,False,0.0,,52,53,0.0,False,,1.0,0.0
10,zero_path,random,6000,0.1,2,2027092803,Trace,0.0,True,0.13126290393593126,0.0018015215948308638,0.6258214367053134,0.0,False,0.0,,52,53,0.0,False,,1.0,0.0
10,zero_path,random,6000,0.1,2,2027092803,Plug-in band,0.0,True,0.13126290393593126,0.0018015215948308638,0.6258214367053134,0.0,False,0.0,,52,53,0.0,False,,1.0,0.0
10,zero_path,random,6000,0.1,2,2027092803,Paired,0.0,True,0.13126290393593126,0.0018015215948308638,0.6258214367053134,0.0,False,0.0,0.0,52,53,0.0,False,,1.0,0.0
10,zero_path,random,6000,0.1,2,2027092803,Projection,,True,0.13126290393593126,0.0018015215948308638,0.6258214367053134,0.0,False,,,52,53,0.0,False,,1.0,0.0
10,zero_path,random,6000,0.1,3,2027092804,Anchor,0.0,True,0.14317949158444415,0.0007779319323755431,0.6252930486976129,0.0,False,0.0,,78,67,0.0,False,,1.0,0.0
10,zero_path,random,6000,0.1,3,2027092804,Full,1.0,True,0.14317949158444415,0.0007779319323755431,0.6252930486976129,0.0,False,0.0,,78,67,0.0,False,,1.0,0.0
10,zero_path,random,6000,0.1,3,2027092804,Trace,0.0,True,0.14317949158444415,0.0007779319323755431,0.6252930486976129,0.0,False,0.0,,78,67,0.0,False,,1.0,0.0
10,zero_path,random,6000,0.1,3,2027092804,Plug-in band,0.0,True,0.14317949158444415,0.0007779319323755431,0.6252930486976129,0.0,False,0.0,,78,67,0.0,False,,1.0,0.0
10,zero_path,random,6000,0.1,3,2027092804,Paired,0.0,True,0.14317949158444415,0.0007779319323755431,0.6252930486976129,0.0,False,0.0,0.0,78,67,0.0,False,,1.0,0.0
10,zero_path,random,6000,0.1,3,2027092804,Projection,,True,0.14317949158444415,0.0007779319323755431,0.6252930486976129,0.0,False,,,78,67,0.0,False,,1.0,0.0
