cell_id,scenario,design,n,p,method,replications,coverage,coverage_mcse,half_width,half_width_mcse,ise,ise_mcse,weight,weight_mcse,true_gain,true_gain_mcse,harm_numeric,harm_numeric_mcse,oracle_regret,oracle_regret_mcse,paired_width_ratio,paired_width_ratio_mcse,paired_ise_difference,paired_ise_difference_mcse,gate_references,gate_references_mcse,evaluation_references,evaluation_references_mcse,fallback,fallback_mcse,positive_borrowing
1,aligned,random,6000,0.05,Anchor,4,1.0,0.0,0.2229174638936552,0.009651575179225437,0.005639526702869243,0.002300933123980111,0.0,0.0,0.0,0.0,0.0,0.0,0.1903871941291936,0.00214362983127252,1.0,0.0,0.0,0.0,34.25,5.202163011671203,34.75,4.289036410819257,0.0,0.0,0.0
1,aligned,random,6000,0.05,Full,4,1.0,0.0,0.15510134648527224,0.006359341871985227,0.0025530420821866457,0.0007019092539830681,1.0,0.0,0.1903871941291936,0.00214362983127252,0.0,0.0,0.0,0.0,0.7009510782428434,0.049979783622763035,-0.003086484620682596,0.001768077199066227,34.25,5.202163011671203,34.75,4.289036410819257,0.0,0.0,1.0
1,aligned,random,6000,0.05,Paired,4,1.0,0.0,0.1679794314301392,0.0026832304062940843,0.003287135601487548,0.0010576442607474854,0.6250000000000001,0.024999999999999994,0.1574516186983209,0.0044618558903097415,0.0,0.0,0.032935575430872735,0.0037381626068945396,0.7570737929045102,0.02943910744043617,-0.0023523911013816944,0.0013352989358093152,34.25,5.202163011671203,34.75,4.289036410819257,0.0,0.0,1.0
1,aligned,random,6000,0.05,Plug-in band,4,1.0,0.0,0.15510134648527224,0.006359341871985227,0.0025530420821866457,0.0007019092539830681,1.0,0.0,0.1903871941291936,0.00214362983127252,0.0,0.0,0.0,0.0,0.7009510782428434,0.049979783622763035,-0.003086484620682596,0.001768077199066227,34.25,5.202163011671203,34.75,4.289036410819257,0.0,0.0,1.0
1,aligned,random,6000,0.05,Projection,4,1.0,0.0,0.160956413349677,0.006123130068808591,0.002573401827257955,0.0007381856608372503,,,0.16909584224252588,0.0069514145550065515,0.0,0.0,,,0.7265106791423035,0.04548711261867181,-0.003066124875611287,0.0018683464255006956,34.25,5.202163011671203,34.75,4.289036410819257,0.0,0.0,0.0
1,aligned,random,6000,0.05,Trace,4,1.0,0.0,0.15499603221631514,0.006288429475102338,0.0025565298058733837,0.0006993421988985122,0.9939121798080557,0.00608782019194437,0.19033747188403782,0.0021340512958761344,0.0,0.0,4.972224515580048e-05,4.972224515580048e-05,0.700418862308656,0.049453722744953556,-0.0030829968969958584,0.0017689749077598824,34.25,5.202163011671203,34.75,4.289036410819257,0.0,0.0,1.0
2,aligned,random,6000,0.1,Anchor,4,1.0,0.0,0.15007629029215952,0.005312840950593973,0.0027480116164756278,0.0009499675957659051,0.0,0.0,0.0,0.0,0.0,0.0,0.17946481432655653,0.00034534154198504754,1.0,0.0,0.0,0.0,71.0,4.915960401250875,68.25,2.6575364531836625,0.0,0.0,0.0
2,aligned,random,6000,0.1,Full,4,1.0,0.0,0.11473491747312028,0.005723945156665694,0.0021507644834399386,0.0008025935954079393,1.0,0.0,0.17946481432655653,0.00034534154198504754,0.0,0.0,0.0,0.0,0.763542153700287,0.017472256483481212,-0.0005972471330356891,0.00028071836115737295,71.0,4.915960401250875,68.25,2.6575364531836625,0.0,0.0,1.0
2,aligned,random,6000,0.1,Paired,4,1.0,0.0,0.1188473514171085,0.006331342148524904,0.002219247999902728,0.000853091130357693,0.675,0.08539125638299665,0.15443052927971407,0.010513312852626397,0.0,0.0,0.025034285046842436,0.010281016022831298,0.790373305410958,0.01642210444683329,-0.0005287636165728996,0.00019374297759926188,71.0,4.915960401250875,68.25,2.6575364531836625,0.0,0.0,1.0
2,aligned,random,6000,0.1,Plug-in band,4,1.0,0.0,0.1147242982370099,0.005713629946684216,0.002152277918113615,0.0008138973004070485,0.95,0.02886751345948128,0.17875746967680964,0.0005541693324475642,0.0,0.0,0.0007073446497468799,0.00046736785993791526,0.7634572406482306,0.017123623415381376,-0.0005957336983620126,0.00026228508004101284,71.0,4.915960401250875,68.25,2.6575364531836625,0.0,0.0,1.0
2,aligned,random,6000,0.1,Projection,4,1.0,0.0,0.11666358993986349,0.006434812728072542,0.0025370443654771343,0.0010898826266911796,,,0.17188554890614052,0.0018300109968025994,0.0,0.0,,,0.7756865264362299,0.01798124837768359,-0.00021096725099849353,0.00028639284205197524,71.0,4.915960401250875,68.25,2.6575364531836625,0.0,0.0,0.0
2,aligned,random,6000,0.1,Trace,4,1.0,0.0,0.1145891321113764,0.0057455694673636095,0.0021464575274944774,0.0008070833514858049,0.9450031622577498,0.023592619019605226,0.1790445446533544,0.0006703787241157688,0.0,0.0,0.00042026967320210606,0.00036570213933551993,0.7625459806090126,0.01754830558415806,-0.0006015540889811504,0.00026495075578423816,71.0,4.915960401250875,68.25,2.6575364531836625,0.0,0.0,1.0
8,reversal,random,6000,0.1,Anchor,4,1.0,0.0,0.155097779599303,0.0035403272151615485,0.005006341218448818,0.0019012471484433457,0.0,0.0,0.0,0.0,0.0,0.0,0.0,0.0,1.0,0.0,0.0,0.0,71.25,2.5940637360455634,78.75,5.26584909265986,0.0,0.0,0.0
8,reversal,random,6000,0.1,Full,4,1.0,0.0,0.16846843892992516,0.00411076130127408,0.005870145541141848,0.0023999235299780974,1.0,0.0,-0.06009166795993259,0.02217400858396772,1.0,0.0,0.06009166795993259,0.02217400858396772,1.087385023815267,0.030090432928567872,0.0008638043226930304,0.0006963770263384877,71.25,2.5940637360455634,78.75,5.26584909265986,0.0,0.0,1.0
8,reversal,random,6000,0.1,Paired,4,1.0,0.0,0.155097779599303,0.0035403272151615485,0.005006341218448818,0.0019012471484433457,0.0,0.0,0.0,0.0,0.0,0.0,0.0,0.0,1.0,0.0,0.0,0.0,71.25,2.5940637360455634,78.75,5.26584909265986,0.0,0.0,0.0
8,reversal,random,6000,0.1,Plug-in band,4,1.0,0.0,0.155097779599303,0.0035403272151615485,0.005006341218448818,0.0019012471484433457,0.0,0.0,0.0,0.0,0.0,0.0,0.0,0.0,1.0,0.0,0.0,0.0,71.25,2.5940637360455634,78.75,5.26584909265986,0.0,0.0,0.0
8,reversal,random,6000,0.1,Projection,4,1.0,0.0,0.1294444992122819,0.003775072304491054,0.001675446465863181,0.0003869827934811113,,,0.12124786727106171,0.0024730928916662327,0.0,0.0,,,0.8342763939537393,0.00796867582042497,-0.0033308947525856366,0.0016067944448649287,71.25,2.5940637360455634,78.75,5.26584909265986,0.0,0.0,0.0
8,reversal,random,6000,0.1,Trace,4,1.0,0.0,0.155097779599303,0.0035403272151615485,0.005006341218448818,0.0019012471484433457,0.0,0.0,0.0,0.0,0.0,0.0,0.0,0.0,1.0,0.0,0.0,0.0,71.25,2.5940637360455634,78.75,5.26584909265986,0.0,0.0,0.0
9,no_signal,random,6000,0.1,Anchor,4,1.0,0.0,0.15357550451844582,0.003798279943402611,0.0038217222683151544,0.00106875606258539,0.0,0.0,0.0,0.0,0.0,0.0,2.490666889606863e-05,2.2387192772232514e-05,1.0,0.0,0.0,0.0,73.25,5.1700257897487,70.75,4.40407008724127,0.0,0.0,0.0
9,no_signal,random,6000,0.1,Full,4,1.0,0.0,0.15367049203640498,0.0035809604540958766,0.003929619607112087,0.0010080397367054448,1.0,0.0,-0.0008503814141668786,0.0003832786755977038,0.75,0.25,0.0008752880830629473,0.000403662959608719,1.0007380017830474,0.0031274868142806504,0.00010789733879693254,0.00010032526855567615,73.25,5.1700257897487,70.75,4.40407008724127,0.0,0.0,1.0
9,no_signal,random,6000,0.1,Paired,4,1.0,0.0,0.15357550451844582,0.003798279943402611,0.0038217222683151544,0.00106875606258539,0.0,0.0,0.0,0.0,0.0,0.0,2.490666889606863e-05,2.2387192772232514e-05,1.0,0.0,0.0,0.0,73.25,5.1700257897487,70.75,4.40407008724127,0.0,0.0,0.0
9,no_signal,random,6000,0.1,Plug-in band,4,1.0,0.0,0.15331785354796726,0.003808089549073476,0.0038410272812351856,0.0010740471540656871,0.5,0.28867513459481287,-0.00021260636955475198,0.0002016042356811211,0.25,0.25,0.0002375130384508206,0.00019394649591315948,0.998316955470071,0.0011510940129962493,1.9305012920031533e-05,2.783748752292842e-05,73.25,5.1700257897487,70.75,4.40407008724127,0.0,0.0,0.5
9,no_signal,random,6000,0.1,Projection,4,1.0,0.0,0.15468388608457945,0.0037589431137219037,0.0037954546252206276,0.0009129122794623026,,,-0.004620884301842737,0.0010600133419958692,1.0,0.0,,,1.0073087020698168,0.006101087190026962,-2.62676430945267e-05,0.00020416236190289112,73.25,5.1700257897487,70.75,4.40407008724127,0.0,0.0,0.0
9,no_signal,random,6000,0.1,Trace,4,1.0,0.0,0.15339327098423775,0.003868089882605972,0.0038469956486740795,0.0010716633998890414,0.25,0.25,-0.00020423896421883914,0.00020423896421883914,0.25,0.25,0.00022914563311490777,0.00019703671248548819,0.9987805866477921,0.001219413352207821,2.5273380358925047e-05,2.5273380358925047e-05,73.25,5.1700257897487,70.75,4.40407008724127,0.0,0.0,0.25
10,zero_path,random,6000,0.1,Anchor,4,1.0,0.0,0.1376721730937208,0.00593090886579855,0.0019744840094922194,0.0004511014815550646,0.0,0.0,0.0,0.0,0.0,0.0,0.0,0.0,1.0,0.0,0.0,0.0,61.0,5.916079783099616,60.5,4.349329450233296,0.0,0.0,0.0
10,zero_path,random,6000,0.1,Full,4,1.0,0.0,0.1376721730937208,0.00593090886579855,0.0019744840094922194,0.0004511014815550646,1.0,0.0,0.0,0.0,0.0,0.0,0.0,0.0,1.0,0.0,0.0,0.0,61.0,5.916079783099616,60.5,4.349329450233296,0.0,0.0,1.0
10,zero_path,random,6000,0.1,Paired,4,1.0,0.0,0.1376721730937208,0.00593090886579855,0.0019744840094922194,0.0004511014815550646,0.0,0.0,0.0,0.0,0.0,0.0,0.0,0.0,1.0,0.0,0.0,0.0,61.0,5.916079783099616,60.5,4.349329450233296,0.0,0.0,0.0
10,zero_path,random,6000,0.1,Plug-in band,4,1.0,0.0,0.1376721730937208,0.00593090886579855,0.0019744840094922194,0.0004511014815550646,0.0,0.0,0.0,0.0,0.0,0.0,0.0,0.0,1.0,0.0,0.0,0.0,61.0,5.916079783099616,60.5,4.349329450233296,0.0,0.0,0.0
10,zero_path,random,6000,0.1,Projection,4,1.0,0.0,0.1376721730937208,0.00593090886579855,0.0019744840094922194,0.0004511014815550646,,,0.0,0.0,0.0,0.0,,,1.0,0.0,0.0,0.0,61.0,5.916079783099616,60.5,4.349329450233296,0.0,0.0,0.0
10,zero_path,random,6000,0.1,Trace,4,1.0,0.0,0.1376721730937208,0.00593090886579855,0.0019744840094922194,0.0004511014815550646,0.0,0.0,0.0,0.0,0.0,0.0,0.0,0.0,1.0,0.0,0.0,0.0,61.0,5.916079783099616,60.5,4.349329450233296,0.0,0.0,0.0
