"Id","Words","Abstract","Intro","IntroShare","Discussion","Theorems","Props","Assumps","Algos","Figures","Tables","Refs","We1k","Hedge1k","Assert1k","Opening"
"01","16477","162","4272","25.9","607","60","8","53","0","3","3","107","15.5","2.9","3","In many experimental and observational studies, the outcome of interest"
"02","6062","257","1187","19.6","459","1","0","0","0","0","0","61","12.9","2.6","2","In many modern machine learning applications, the outcome is expensive"
"03","9155","243","1181","12.9","661","8","0","9","0","0","0","78","13.5","2.3","2.5","In many contemporary applications, large amounts of unlabeled data are"
"04","8516","154","1028","12.1","0","14","1","19","0","3","3","49","9.4","0.7","2","Rejective sampling improves design and estimation efficiency of single-phase sampling"
"05","9927","204","2622","26.4","293","22","12","12","0","10","0","102","13.2","2.5","0.7","In the context of multivariate nonparametric regression with missing covariates,"
"06","15680","191","1759","11.2","3013","21","10","0","0","7","0","55","19.8","3.6","7.3","In this work, we consider the problem of building distribution-free"
"07","13428","207","2929","21.8","0","25","8","4","2","20","0","50","17.2","2.2","8","arXiv:2305.12616v4 [stat.ME] 16 Sep 2024 We consider the problem of"
"08","11230","182","1815","16.2","0","5","11","0","8","12","0","131","13.3","4.4","4.5","arXiv:2403.03868v3 [stat.ME] 17 Apr 2025 Conformal prediction builds marginally valid"
"09","10866","0","0","0","0","5","4","0","16","10","3","97","12.4","1.9","4.1",""
"10","11098","172","126","1.1","319","21","0","23","9","6","0","49","10.6","1","4.5","regression in the setting of transfer learning, using samples from"
"11","12453","130","1361","10.9","351","20","6","24","46","9","0","64","6.3","2.3","3.9","This paper develops novel conformal prediction methods for classification tasks"
"12","14624","0","1770","12.1","650","20","5","27","16","7","0","138","12.8","2.5","4.7",""
"13","9444","0","200","2.1","1836","16","2","2","11","9","2","108","10.9","1.2","3.1",""
"14","12942","199","2204","17","285","11","1","17","0","4","3","58","8.9","0.8","2.4","This article addresses the problem of testing the conditional independence"
"15","12134","260","736","6.1","547","24","3","0","13","3","3","103","9.7","2.1","5.2","Conformal prediction has received tremendous attention in recent years and"
"16","13218","151","1702","12.9","359","33","1","36","5","6","1","230","14.2","4.7","3.4","Predicting sets of outcomes—instead of unique outcomes—is a promising solution"
"17","8245","0","1524","18.5","0","6","0","18","0","5","6","46","12.4","1.5","2.4",""
"18","9578","141","949","9.9","0","30","19","0","0","11","1","31","18.3","2.6","1.3","Stability Selection was recently introduced by Meinshausen and Bühlmann (2010)"
"19","9538","214","1391","14.6","692","14","0","14","13","8","1","80","15.2","2.9","3.5","Transfer learning enhances the performance of a target model by"
"20","12220","0","162","1.3","280","17","1","0","5","9","2","39","12.5","1.7","2.3",""
"ma","6593","159","586","8.9","430","8","2","0","0","6","2","27","4.2","0.3","2","Low-cost surrogates can improve inference from scarce reference measure- ments,"
