k,theta,method,adoption,wrong_certification,mean_weight,oracle_gain,mean_gain,mean_regret,scaled_signal
25,-0.04,Plug-in,0.3428601243347404,0.3428601243347404,0.11541059550804933,0.0,-0.007336304533769837,0.007336304533769837,-0.2
25,-0.04,Hoeffding,0.002261303961177083,0.002261303961177083,0.00030516514438526534,0.0,-1.3532018980534614e-05,1.3532018980534614e-05,-0.2
25,-0.04,Exact binomial,0.0077348832199634135,0.0077348832199634135,0.0020902956114614217,0.0,-0.00010872397703167838,0.00010872397703167838,-0.2
25,0.0,Plug-in,0.5,0.5,0.19733119010925299,0.0,-0.007989700371193014,0.007989700371193014,0.0
25,0.0,Hoeffding,0.0073166489601135245,0.0073166489601135245,0.0010734663606356565,0.0,-1.933483354812712e-05,1.933483354812712e-05,0.0
25,0.0,Exact binomial,0.021642625331878662,0.021642625331878662,0.006216698625750535,0.0,-0.00016293316642889397,0.00016293316642889397,0.0
25,0.01,Plug-in,0.5402306773683738,0.3829071598654131,0.22208345571806032,0.00017641263717512747,-0.0077148299783085655,0.007891242615483693,0.05
25,0.01,Hoeffding,0.009579607741506757,0.002768333176270054,0.001437243478489248,0.00017641263717512747,-1.644285552189252e-05,0.00019285549269702006,0.05
25,0.01,Exact binomial,0.02734234337241816,0.02734234337241816,0.007985676974061558,0.00017641263717512747,-0.00015795954064008085,0.00033437217781520835,0.05
25,0.02,Plug-in,0.5800770650298109,0.42196437988713537,0.24846084267906482,0.0007058412288197094,-0.007202714742445554,0.007908555971265262,0.1
25,0.02,Hoeffding,0.012428695110281175,0.0037244820212916497,0.0019080431429128561,0.0007058412288197094,-9.300134564518571e-06,0.0007151413633842283,0.1
25,0.02,Exact binomial,0.034237053179397674,0.012428695110281175,0.01017328631393169,0.0007058412288197094,-0.0001359272519500841,0.0008417684807697939,0.1
25,0.04,Plug-in,0.6571398756652593,0.3462418940671303,0.3057326409798524,0.0028264240662062646,-0.005343998234678188,0.008170422300884453,0.2
25,0.04,Hoeffding,0.020374510483984337,0.0016986964427188845,0.0032815364516039494,0.0028264240662062646,2.705567607868147e-05,0.002799368390127582,0.2
25,0.04,Exact binomial,0.05230948844018621,0.020374510483984337,0.016119761707659972,0.0028264240662062646,-8.892174699414654e-06,0.0028353162409056783,0.2
25,0.06,Plug-in,0.7284840468625806,0.27502477306783607,0.3681958174984374,0.006370992643131658,-0.002181117480132914,0.00855211012326458,0.3
25,0.06,Hoeffding,0.03228355393696545,0.0006695170091010161,0.005470641329627211,0.006370992643131658,0.00011677605411094174,0.0062542165890207245,0.3
25,0.06,Exact binomial,0.07730581932579973,0.011172635237894833,0.024774236178475708,0.006370992643131658,0.00030272704687854676,0.006068265596253119,0.3
25,0.1,Plug-in,0.8462322310242381,0.0,0.5032195160865486,0.017801356533013145,0.008802574423382184,0.008998782109630976,0.5
25,0.1,Hoeffding,0.07356525783017383,0.0,0.01393231397799803,0.017801356533013145,0.000661758678491089,0.01713959785452207,0.5
25,0.1,Exact binomial,0.1535517347559336,0.0,0.05371213319063276,0.017801356533013145,0.0020223595669215935,0.015778996966091564,0.5
25,0.15,Plug-in,0.9395550864329792,0.0,0.673138172999223,0.040527275929491936,0.032213163154431894,0.008314112775060034,0.75
25,0.15,Hoeffding,0.17340269579061934,0.0,0.03853645269749487,0.040527275929491936,0.0030872073802340407,0.037440068549257896,0.75
25,0.15,Exact binomial,0.30607823219610647,0.0,0.12184419778172342,0.040527275929491936,0.008442606158139177,0.03208466977135275,0.75
50,-0.04,Plug-in,0.23864280630795712,0.23864280630795712,0.062215574966503234,0.0,-0.003338304075285708,0.003338304075285708,-0.282842712474619
50,-0.04,Hoeffding,0.0013984201755679855,0.0013984201755679855,0.0001253232040958492,0.0,-5.046361211843359e-06,5.046361211843359e-06,-0.282842712474619
50,-0.04,Exact binomial,0.007909202913905762,0.007909202913905762,0.0011426449955619414,0.0,-4.9764893675278324e-05,4.9764893675278324e-05,-0.282842712474619
50,0.0,Plug-in,0.4438624136703913,0.4438624136703913,0.1401456978610991,0.0,-0.004325224401134779,0.004325224401134779,0.0
50,0.0,Hoeffding,0.007673338916315048,0.007673338916315048,0.0007937165640068451,0.0,-1.1088044040684866e-05,1.1088044040684866e-05,0.0
50,0.0,Exact binomial,0.03245432353613606,0.03245432353613606,0.005338132230158643,0.0,-9.575006776255302e-05,9.575006776255302e-05,0.0
50,0.01,Plug-in,0.500379543998224,0.3891344993324948,0.16642780378668984,0.00017641263717512747,-0.004214321494694012,0.00439073413186914,0.07071067811865475
50,0.01,Hoeffding,0.011202621553319468,0.004996590526697621,0.0012045253921408182,0.00017641263717512747,-8.957396976582165e-06,0.00018537003415170959,0.07071067811865475
50,0.01,Exact binomial,0.044133637144409675,0.023127936075063395,0.007524198104933704,0.00017641263717512747,-8.733906883926157e-05,0.000263751706014389,0.07071067811865475
50,0.02,Plug-in,0.5569191118672117,0.3363529365473925,0.19542291849501814,0.0007058412288197094,-0.0038779431532694306,0.00458378438208914,0.1414213562373095
50,0.02,Hoeffding,0.016063046442630728,0.0031516115493778495,0.0017975718512855921,0.0007058412288197094,-1.6566927676376058e-06,0.0007074979215873465,0.1414213562373095
50,0.02,Exact binomial,0.05898275237806599,0.016063046442630728,0.01043867333386296,0.0007058412288197094,-5.5453640460016184e-05,0.0007612948692797253,0.1414213562373095
50,0.04,Plug-in,0.6657317854128618,0.23983116798403667,0.261067295482044,0.0028264240662062646,-0.0023650740467593685,0.0051914981129656335,0.282842712474619
50,0.04,Hoeffding,0.03133279103184033,0.0011236766999722795,0.0038135542380931258,0.0028264240662062646,4.5944023317464285e-05,0.002780480042888801,0.282842712474619
50,0.04,Exact binomial,0.10015537356434204,0.007101439681519403,0.019193203410894148,0.0028264240662062646,0.00013758585849308358,0.002688838207713182,0.282842712474619
50,0.06,Plug-in,0.7625406356187154,0.15936040204846708,0.33555608036637136,0.006370992643131658,0.0005146622199647436,0.0058563304231669085,0.4242640687119285
50,0.06,Hoeffding,0.05710279233312094,0.0003357357233831312,0.00760294156454841,0.006370992643131658,0.00018951790273552863,0.006181474740396123,0.4242640687119285
50,0.06,Exact binomial,0.15936040204846708,0.0027362905072720934,0.033296964165766496,0.006370992643131658,0.0006488788235678995,0.005722113819563753,0.4242640687119285
50,0.1,Plug-in,0.902192635846751,0.0,0.5013772355499024,0.017801356533013145,0.011261568481007483,0.006539788052005665,0.7071067811865476
50,0.1,Hoeffding,0.1560906047178157,0.0,0.025363161167259056,0.017801356533013145,0.0012774259390963731,0.01652393059391678,0.7071067811865476
50,0.1,Exact binomial,0.3356132635690675,0.0,0.08527771774170566,0.017801356533013145,0.0037157804576358347,0.014085576075377314,0.7071067811865476
50,0.15,Plug-in,0.9793316103424008,0.0,0.7086889197745798,0.040527275929491936,0.03502602776181032,0.005501248167681616,1.0606601717798212
50,0.15,Hoeffding,0.38885548610090437,0.0,0.08452209745314065,0.040527275929491936,0.00688158423263239,0.03364569169685954,1.0606601717798212
50,0.15,Exact binomial,0.6215870506059706,0.0,0.21090485386612856,0.040527275929491936,0.015299957933771782,0.025227317995720155,1.0606601717798212
100,-0.04,Plug-in,0.1831955071742837,0.1831955071742837,0.029755252012974975,0.0,-0.0013394306888131096,0.0013394306888131096,-0.4
100,-0.04,Hoeffding,0.00046385478805880445,0.00046385478805880445,3.742344750090335e-05,0.0,-1.3808109968088936e-06,1.3808109968088936e-06,-0.4
100,-0.04,Exact binomial,0.006123391340954919,0.006123391340954919,0.00044383398175738977,0.0,-1.7078159186517885e-05,1.7078159186517885e-05,-0.4
100,0.0,Plug-in,0.4602053813064104,0.4602053813064104,0.09948524872368614,0.0,-0.002190312173954528,0.002190312173954528,0.0
100,0.0,Hoeffding,0.006016487862681727,0.006016487862681727,0.0005675262026757636,0.0,-5.933057480827248e-06,5.933057480827248e-06,0.0
100,0.0,Exact binomial,0.04431304005703375,0.04431304005703375,0.004151481848203079,0.0,-5.3089309893350326e-05,5.3089309893350326e-05,0.0
100,0.01,Plug-in,0.5400657597325735,0.3823865184775563,0.1264667086995733,0.00017641263717512747,-0.0020920365355437337,0.0022684491727188614,0.1
100,0.01,Hoeffding,0.010394487527293151,0.0032693535082150412,0.0010250942051732031,0.00017641263717512747,-4.01935205946529e-06,0.0001804319892345927,0.1
100,0.01,Exact binomial,0.06645693760307053,0.02830313849321548,0.006682065617551855,0.00017641263717512747,-4.3340567997184546e-05,0.00021975320517231194,0.1
100,0.02,Plug-in,0.618380052589722,0.3088633830395403,0.157335939009296,0.0007058412288197094,-0.0017603784103688395,0.002466219639188549,0.2
100,0.02,Hoeffding,0.01732339535606045,0.0016875444794054917,0.0017905577474778347,0.0007058412288197094,4.610360588721012e-06,0.0007012308682309881,0.2
100,0.02,Exact binomial,0.09633466822096229,0.01732339535606045,0.01042580277300086,0.0007058412288197094,-2.5302930860299755e-06,0.0007083715219057392,0.2
100,0.04,Plug-in,0.7590702486033807,0.18346265659737857,0.2297215072792164,0.0028264240662062646,-0.0001957788928385227,0.003022202959044786,0.4
100,0.04,Hoeffding,0.04331372090482143,0.00037815482232583705,0.0049580153369330245,0.0028264240662062646,7.654097070414561e-05,0.002749883095502118,0.4
100,0.04,Exact binomial,0.18346265659737857,0.005633742489707941,0.02321539004701554,0.0028264240662062646,0.0002796168076386369,0.002546807258567627,0.4
100,0.06,Plug-in,0.8659233888406348,0.09455631053114177,0.3135903714672542,0.006370992643131658,0.0028231471006060216,0.0035478455425256364,0.6
100,0.06,Hoeffding,0.09455631053114177,6.462814936064637e-05,0.012132633238127003,0.006370992643131658,0.00034091119973156966,0.006030081443400088,0.6
100,0.06,Exact binomial,0.3084355714852135,0.0014746474237493268,0.04622395104918915,0.006370992643131658,0.001110369005481532,0.005260623637650126,0.6
100,0.1,Plug-in,0.972900802242991,0.0,0.5003375727204465,0.017801356533013145,0.01380971963502748,0.003991636897985666,1.0
100,0.1,Hoeffding,0.3068097622709847,0.0,0.05158748922700422,0.017801356533013145,0.0027155167741490446,0.015085839758864104,1.0
100,0.1,Exact binomial,0.6225326761221721,0.0,0.13588828291101449,0.017801356533013145,0.00636329800466537,0.011438058528347778,1.0
100,0.15,Plug-in,0.9985494385234412,0.0,0.7327839476992529,0.040527275929491936,0.037263571418831805,0.0032637045106601297,1.5
100,0.15,Hoeffding,0.7024489946732264,0.0,0.18024483630869872,0.040527275929491936,0.01466593874189167,0.02586133718760027,1.5
100,0.15,Exact binomial,0.912321901516706,0.0,0.33249263596599815,0.040527275929491936,0.02421571563690775,0.016311560292584185,1.5
200,-0.04,Plug-in,0.11403950488299938,0.11403950488299938,0.01129083823544393,0.0,-0.0004400038148100076,0.0004400038148100076,-0.565685424949238
200,-0.04,Hoeffding,0.00015120031354399604,0.00015120031354399604,7.403051256626901e-06,0.0,-2.5143154632950663e-07,2.5143154632950663e-07,-0.565685424949238
200,-0.04,Exact binomial,0.0018456203231781976,0.0018456203231781976,0.00011404148194087228,0.0,-4.0033477946777295e-06,4.0033477946777295e-06,-0.565685424949238
200,0.0,Plug-in,0.4718257604953715,0.4718257604953715,0.0704355986295737,0.0,-0.0010988119135768263,0.0010988119135768263,0.0
200,0.0,Hoeffding,0.006565177970265803,0.006565177970265803,0.0004100101571518742,0.0,-3.0547818549987116e-06,3.0547818549987116e-06,0.0
200,0.0,Exact binomial,0.03841881606563016,0.03841881606563016,0.0031157294667636566,0.0,-2.8652253416415696e-05,2.8652253416415696e-05,0.0
200,0.01,Plug-in,0.5841573967740519,0.36201407356479925,0.09823457180426505,0.00017641263717512747,-0.0009971591566393593,0.0011735717938144868,0.1414213562373095
200,0.01,Hoeffding,0.013981729655930112,0.002810061162940191,0.0009380155743538385,0.00017641263717512747,-8.832813838866799e-07,0.00017729591855901412,0.1414213562373095
200,0.01,Exact binomial,0.06856810719023823,0.01992445374647791,0.006032031052316752,0.00017641263717512747,-1.7493982451807184e-05,0.00019390661962693462,0.1414213562373095
200,0.02,Plug-in,0.6900274201582457,0.26232854017758245,0.13141684894308572,0.0007058412288197094,-0.0006416266815607497,0.0013474679103804591,0.282842712474619
200,0.02,Hoeffding,0.027722073072181188,0.0011004108908502313,0.002008184892149064,0.0007058412288197094,1.1054219074297334e-05,0.000694787009745412,0.282842712474619
200,0.02,Exact binomial,0.11435431535797778,0.009539379640618323,0.010980747467200017,0.0007058412288197094,3.6244791233942e-05,0.0006695964375857674,0.282842712474619
200,0.04,Plug-in,0.8563094175412407,0.11370727586700528,0.21129077498448853,0.0028264240662062646,0.001076555622648342,0.0017498684435579227,0.565685424949238
200,0.04,Hoeffding,0.08853223117042056,0.00012577996685978108,0.007606780525963168,0.0028264240662062646,0.00013821447974616554,0.002688209586460099,0.565685424949238
200,0.04,Exact binomial,0.2620110541584356,0.002656592777604048,0.030589785757015767,0.0028264240662062646,0.00046994951561417234,0.0023564745505920926,0.565685424949238
200,0.06,Plug-in,0.9489310902092725,0.0368401693483415,0.30317451037329274,0.006370992643131658,0.004354122053832685,0.002016870589298972,0.848528137423857
200,0.06,Hoeffding,0.21703454726744753,9.179113420004005e-06,0.022695023460711082,0.006370992643131658,0.0006911561050340841,0.005679836538097574,0.848528137423857
200,0.06,Exact binomial,0.4727519315856231,0.00034575869730652827,0.0690277809798496,0.006370992643131658,0.001855019088289731,0.004515973554841926,0.848528137423857
200,0.1,Plug-in,0.9973645966438093,0.0,0.5000291418068302,0.017801356533013145,0.01566699883959875,0.002134357693414397,1.4142135623730951
200,0.1,Hoeffding,0.6424080699245691,0.0,0.10807144524380086,0.017801356533013145,0.005775991567662868,0.012025364965350279,1.4142135623730951
200,0.1,Exact binomial,0.8603356670716593,0.0,0.21036007338035623,0.017801356533013145,0.01006517506094547,0.0077361814720676774,1.4142135623730951
200,0.15,Plug-in,0.999990540661655,0.0,0.7451583534002129,0.040527275929491936,0.03866302320650458,0.001864252722987364,2.1213203435596424
200,0.15,Hoeffding,0.9669351137566449,0.0,0.31940570268727386,0.040527275929491936,0.025088092248878674,0.015439183680613285,2.1213203435596424
200,0.15,Exact binomial,0.9947597545533027,0.0,0.45401740552955333,0.040527275929491936,0.0319733072515113,0.008553968677980656,2.1213203435596424
400,-0.04,Plug-in,0.04910574478843622,0.04910574478843622,0.002874445436996096,0.0,-0.00010020519492307138,0.00010020519492307138,-0.8
400,-0.04,Hoeffding,2.502011181441254e-05,2.502011181441254e-05,7.136638476717847e-07,0.0,-2.2787174545279108e-08,2.2787174545279108e-08,-0.8
400,-0.04,Exact binomial,0.0005686875509173969,0.0005686875509173969,1.5993466342122634e-05,0.0,-5.217549590524972e-07,5.217549590524972e-07,-0.8
400,0.0,Plug-in,0.4800653490181036,0.4800653490181036,0.04983662745474115,0.0,-0.0005503163597882608,0.0005503163597882608,0.0
400,0.0,Hoeffding,0.007092061595941091,0.007092061595941091,0.0002926220072055253,0.0,-1.5496687229270994e-06,1.5496687229270994e-06,0.0
400,0.0,Exact binomial,0.04941089345828242,0.04941089345828242,0.00231375585832396,0.0,-1.51103398906479e-05,1.51103398906479e-05,0.0
400,0.01,Plug-in,0.6369427198820639,0.326445852821575,0.07877149055944746,0.00017641263717512747,-0.00044348280573777623,0.0006198954429129036,0.2
400,0.01,Hoeffding,0.020043085083173998,0.002136705887244729,0.0009260285352287755,0.00017641263717512747,1.1042542860055834e-06,0.00017530838288912188,0.2
400,0.01,Exact binomial,0.1055430301422764,0.020043085083173998,0.005750079782605639,0.00017641263717512747,-1.5062581163952112e-06,0.00017791889529152267,0.2
400,0.02,Plug-in,0.7736207220087601,0.19753844059067185,0.1149888000346562,0.0007058412288197094,-5.542890419555823e-05,0.0007612701330152676,0.4
400,0.02,Hoeffding,0.049157584364061396,0.0005460100812176438,0.002569916643376164,0.0007058412288197094,1.9482890042744642e-05,0.0006863583387769648,0.4
400,0.02,Exact binomial,0.19753844059067185,0.006987148377216428,0.012664782152394458,0.0007058412288197094,7.42008728162215e-05,0.0006316403560034879,0.4
400,0.04,Plug-in,0.9398546079118392,0.048632481107933126,0.20287444543645322,0.0028264240662062646,0.0018298762445049625,0.0009965478217013018,0.8
400,0.04,Hoeffding,0.19701851856970246,2.0848090015299143e-05,0.013667725783356002,0.0028264240662062646,0.00027292147819966235,0.0025535025880066018,0.8
400,0.04,Exact binomial,0.4805335828478011,0.0005185195353997632,0.04418761628374861,0.0028264240662062646,0.0007749599947904096,0.0020514640714158544,0.8
400,0.06,Plug-in,0.9908665849538298,0.006551598501976241,0.3003283305885195,0.006370992643131658,0.005294759514799187,0.001076233128332473,1.2
400,0.06,Hoeffding,0.4807220492152413,3.561872945777855e-07,0.04660678091462417,0.006370992643131658,0.0014751210967315937,0.004895871546400066,1.2
400,0.06,Exact binomial,0.7752530981646872,1.8461854790159863e-05,0.10616198622516607,0.006370992643131658,0.0030018973116616287,0.003369095331470032,1.2
400,0.1,Plug-in,0.9999674150130486,0.0,0.5000003105676091,0.017801356533013145,0.01672527850087892,0.0010760780321342291,2.0
400,0.1,Hoeffding,0.9426508470301818,0.0,0.19706224129499122,0.017801356533013145,0.010276123923352634,0.007525232609660518,2.0
400,0.1,Exact binomial,0.9914584402317685,0.0,0.29068287775237706,0.017801356533013145,0.013586706203389975,0.0042146503296231754,2.0
400,0.15,Plug-in,0.9999999994544955,0.0,0.7492874929918361,0.040527275929491936,0.03951250707048042,0.001014768859011522,3.0
400,0.15,Hoeffding,0.9998769261405395,0.0,0.4440353110383475,0.040527275929491936,0.032640151933255535,0.007887123996236412,3.0
400,0.15,Exact binomial,0.9999962464497669,0.0,0.5441864320248466,0.040527275929491936,0.03633819021413978,0.004189085715352165,3.0
800,-0.04,Plug-in,0.01065480001247281,0.01065480001247281,0.00035555065123150513,0.0,-1.143366086933793e-05,1.143366086933793e-05,-1.131370849898476
800,-0.04,Hoeffding,1.252258686436613e-06,1.252258686436613e-06,2.1040010003651746e-08,0.0,-6.429741791406496e-10,6.429741791406496e-10,-1.131370849898476
800,-0.04,Exact binomial,4.2592121247435894e-05,4.2592121247435894e-05,8.002180232229586e-07,0.0,-2.4748200986198834e-08,2.4748200986198834e-08,-1.131370849898476
800,0.0,Plug-in,0.4858996674526435,0.4858996674526435,0.03525083136839041,0.0,-0.00027538822404504125,0.00027538822404504125,0.0
800,0.0,Hoeffding,0.007327795246678759,0.007327795246678759,0.0002074356356132735,0.0,-7.805545323260755e-07,7.805545323260755e-07,0.0
800,0.0,Exact binomial,0.04825579168785216,0.04825579168785216,0.0016985477024906077,0.0,-7.849296225650653e-06,7.849296225650653e-06,0.0
800,0.01,Plug-in,0.7021401939865519,0.27392991465769145,0.06574558153440438,0.00017641263717512747,-0.00016137574258246091,0.00033778837975758833,0.282842712474619
800,0.01,Hoeffding,0.030376173608427995,0.0013052046676561419,0.0010191834315779794,0.00017641263717512747,2.754849348887389e-06,0.00017365778782623998,0.282842712474619
800,0.01,Exact binomial,0.13647259141151974,0.01288393161317758,0.005897619308924075,0.00017641263717512747,9.490751222150135e-06,0.0001669218859529772,0.282842712474619
800,0.02,Plug-in,0.8636401913549413,0.12142821061218712,0.10568510980884185,0.0007058412288197094,0.00026651529034928654,0.0004393259384704226,0.565685424949238
800,0.02,Hoeffding,0.09516039423325642,0.00016932624854654698,0.003866500888706233,0.0007058412288197094,3.484076536499051e-05,0.0006710004634547186,0.565685424949238
800,0.02,Exact binomial,0.29792568549448994,0.0025508332094494063,0.016195736987307103,0.0007058412288197094,0.000123228015826473,0.0005826132129932362,0.565685424949238
800,0.04,Plug-in,0.9871830168103741,0.010426169535771218,0.20035555065123165,0.0028264240662062646,0.002289023030937963,0.0005374010352683014,1.131370849898476
800,0.04,Hoeffding,0.42998576713915576,1.0242724500105685e-06,0.02757984210686449,0.0028264240662062646,0.0005776404113618809,0.0022487836548443834,1.131370849898476
800,0.04,Exact binomial,0.7269238331029946,3.794111907735917e-05,0.06692191933509153,0.0028264240662062646,0.0012497445376654693,0.001576679528540795,1.131370849898476
800,0.06,Plug-in,0.9996270114904806,0.00025609932126041966,0.30000741027940436,0.006370992643131658,0.005824930512798733,0.0005460621303329232,1.697056274847714
800,0.06,Hoeffding,0.8318860472437719,1.3661912982935684e-09,0.09166717264692914,0.006370992643131658,0.0028958524427196743,0.0034751402004119824,1.697056274847714
800,0.06,Exact binomial,0.9592892507931139,1.3530816794048647e-07,0.15350430173261595,0.006370992643131658,0.004339006388082604,0.0020319862550490526,1.697056274847714
800,0.1,Plug-in,0.9999999933046007,0.0,0.5000000000507719,0.017801356533013145,0.017262826959302917,0.0005385295737102208,2.8284271247461903
800,0.1,Hoeffding,0.9994504040965724,0.0,0.2836609769935168,0.017801356533013145,0.013911426677637895,0.0038899298553752414,2.8284271247461903
800,0.1,Exact binomial,0.9999740787168703,0.0,0.3533183580190593,0.017801356533013145,0.01571069245569287,0.0020906640773202677,2.8284271247461903
800,0.15,Plug-in,1.0,0.0,0.749968467447373,0.040527275929491936,0.04000569829420846,0.0005215776352834706,4.242640687119285
800,0.15,Hoeffding,0.9999999997567719,0.0,0.5336477020796884,0.040527275929491936,0.0365712399390523,0.0039560359904396375,4.242640687119285
800,0.15,Exact binomial,0.999999999998819,0.0,0.6063832561877003,0.040527275929491936,0.03847384549759256,0.0020534304318993706,4.242640687119285
1600,-0.04,Plug-in,0.0006175434388178154,0.0006175434388178154,1.1318140479803914e-05,0.0,-3.4470817132861305e-07,3.4470817132861305e-07,-1.6
1600,-0.04,Hoeffding,8.928753438597797e-09,8.928753438597797e-09,8.156734936480676e-11,0.0,-2.4191792749904767e-12,2.4191792749904767e-12,-1.6
1600,-0.04,Exact binomial,5.271465210282759e-07,5.271465210282759e-07,6.485333658987848e-09,0.0,-1.9351415063233304e-10,1.9351415063233304e-10,-1.6
1600,0.0,Plug-in,0.4900280012364042,0.4900280012364042,0.02492999690898904,0.0,-0.0001377519347625062,0.0001377519347625062,0.0
1600,0.0,Hoeffding,0.007641190373842523,0.007641190373842523,0.0001465865961410707,0.0,-3.9173812510181973e-07,3.9173812510181973e-07,0.0
1600,0.0,Exact binomial,0.04695166074255029,0.04695166074255029,0.0012309838866861238,0.0,-4.0328612146384884e-06,4.0328612146384884e-06,0.0
1600,0.01,Plug-in,0.7808908767450949,0.20465795541698534,0.05750831291769602,0.00017641263717512747,-1.4208596926423191e-05,0.00019062123410155065,0.4
1600,0.01,Hoeffding,0.05200267241305579,0.0006215443054198164,0.0012921951557427654,0.00017641263717512747,4.861809804518901e-06,0.00017155082737060857,0.4
1600,0.01,Exact binomial,0.190752863566498,0.006624319896585509,0.00663454134915169,0.00017641263717512747,1.92699866849809e-05,0.00015714265049014656,0.4
1600,0.02,Plug-in,0.9424742633448955,0.05186948680977063,0.10144876830265553,0.0007058412288197094,0.00045585750338132593,0.0002499837254383835,0.8
1600,0.02,Hoeffding,0.20453229452140576,2.7120862341356476e-05,0.0068798356659254024,0.0007058412288197094,6.839562110660836e-05,0.000637445607713101,0.8
1600,0.02,Exact binomial,0.47021701351218115,0.0005143420194078272,0.022821606833353793,0.0007058412288197094,0.00019896546655840744,0.000506875762261302,0.8
1600,0.04,Plug-in,0.9992652158409704,0.0005906435589109189,0.20001131814047993,0.0028264240662062646,0.0025522362606308874,0.00027418780557537676,1.6
1600,0.04,Hoeffding,0.7816390795822745,7.004809220272725e-09,0.05512865584378428,0.0028264240662062646,0.0011621113099966186,0.0016643127562096453,1.6
1600,0.04,Exact binomial,0.9368821974162778,5.826552169633409e-07,0.09747707258265453,0.0028264240662062646,0.0018367022451749562,0.0009897218210313079,1.6
1600,0.06,Plug-in,0.999999179048143,5.063947954305202e-07,0.30000000868856436,0.006370992643131658,0.006097679397971588,0.0002733132451600708,2.4
1600,0.06,Hoeffding,0.9915330881631954,9.775993955303251e-14,0.1472038476971424,0.006370992643131658,0.004446780662928414,0.0019242119802032444,2.4
1600,0.06,Exact binomial,0.9991560737743761,3.329323017369778e-11,0.19607603725891648,0.006370992643131658,0.0053300446545871336,0.0010409479885445257,2.4
1600,0.1,Plug-in,0.9999999999999991,0.0,0.4999999999999997,0.017801356533013145,0.017531979124276405,0.000269377408736731,4.0
1600,0.1,Hoeffding,0.9999999918215454,0.0,0.34701582317975554,0.017801356533013145,0.01585293543682285,0.0019484210961902859,4.0
1600,0.1,Exact binomial,0.9999999999228196,0.0,0.39712257089771674,0.017801356533013145,0.01676853766541755,0.0010328188675955844,4.0
1600,0.15,Plug-in,1.0000000000000002,0.0,0.7499998621247563,0.040527275929491936,0.04026575627744737,0.00026151965204457414,6.0
1600,0.15,Hoeffding,1.0000000000000002,0.0,0.5970158230824286,0.040527275929491936,0.03854615724754811,0.0019811186819438348,6.0
1600,0.15,Exact binomial,1.0000000000000002,0.0,0.6494375449236648,0.040527275929491936,0.03951627724313176,0.0010109986863601895,6.0
3200,-0.04,Plug-in,2.672239168566479e-06,2.672239168566479e-06,2.6033967200762078e-08,0.0,-7.664490470606867e-10,7.664490470606867e-10,-2.262741699796952
3200,-0.04,Hoeffding,1.3624896231257198e-12,1.3624896231257198e-12,8.902000568524691e-15,0.0,-2.587169073340653e-16,2.587169073340653e-16,-2.262741699796952
3200,-0.04,Exact binomial,2.597012948572822e-10,2.597012948572822e-10,1.963743642287162e-12,0.0,-5.726382867564335e-14,5.726382867564335e-14,-2.262741699796952
3200,0.0,Plug-in,0.4929481811505127,0.4929481811505127,0.017629547123718253,0.0,-6.889046241526598e-05,6.889046241526598e-05,0.0
3200,0.0,Hoeffding,0.006995027590388325,0.006995027590388325,0.00010390639801660271,0.0,-1.9623637509272178e-07,1.9623637509272178e-07,0.0
3200,0.0,Exact binomial,0.04653138695398605,0.04653138695398605,0.0008848645727555644,0.0,-2.0557045658162827e-06,2.0557045658162827e-06,0.0
3200,0.01,Plug-in,0.8673377984441801,0.1252108214660223,0.052847521170396025,0.00017641263717512747,6.646404240670032e-05,0.00010994859476842724,0.565685424949238
3200,0.01,Hoeffding,0.09238571250375405,0.00016419937382712607,0.0019402963869240945,0.00017641263717512747,8.721581031512786e-06,0.0001676910561436148,0.565685424949238
3200,0.01,Exact binomial,0.29183739703463574,0.002741245894313937,0.008323633783235772,0.00017641263717512747,3.149655175757448e-05,0.00014491608541755308,0.565685424949238
3200,0.02,Plug-in,0.9876526350592572,0.011200720145018817,0.1001797220935007,0.0007058412288197094,0.0005710729718108574,0.00013476825700885225,1.131370849898476
3200,0.02,Hoeffding,0.4229398650017534,1.1148418211974219e-06,0.013829653460399695,0.0007058412288197094,0.000144509340651502,0.0005613318881682077,1.131370849898476
3200,0.02,Exact binomial,0.7203817144531797,4.52511427428291e-05,0.03398869024280528,0.0007058412288197094,0.0003160544917510383,0.00038978673706867144,1.131370849898476
3200,0.04,Plug-in,0.9999968403853529,2.443771085476962e-06,0.2000000260339675,0.0028264240662062646,0.0026891297062583554,0.00013729435994791028,2.262741699796952
3200,0.04,Hoeffding,0.9809397470365853,9.816602435971768e-13,0.09212311583759855,0.0028264240662062646,0.0018708175233036746,0.0009556065429025911,2.262741699796952
3200,0.04,Exact binomial,0.9978305703256662,2.594604727222184e-10,0.1266828252197616,0.0028264240662062646,0.002309048968552707,0.0005173750976535587,2.262741699796952
3200,0.06,Plug-in,0.9999999999946103,2.653168280076232e-12,0.3000000000000299,0.006370992643131658,0.006234307111328085,0.0001366855318035739,3.394112549695428
3200,0.06,Hoeffding,0.9999932495549472,2.814429871768054e-21,0.1918239109780579,0.006370992643131658,0.005403926985706273,0.0009670656574253867,3.394112549695428
3200,0.06,Exact binomial,0.9999998562012054,7.620156146638319e-18,0.22688075282509712,0.006370992643131658,0.0058540603008879095,0.0005169323422437494,3.394112549695428
3200,0.1,Plug-in,1.0000000000000002,0.0,0.5,0.017801356533013145,0.017666639599193887,0.00013471693381925988,5.656854249492381
3200,0.1,Hoeffding,1.0000000000000002,0.0,0.3918238510873571,0.017801356533013145,0.016826400076726852,0.0009749564562862932,5.656854249492381
3200,0.1,Exact binomial,1.0000000000000002,0.0,0.42768832361980813,0.017801356533013145,0.01728967718707637,0.0005116793459367804,5.656854249492381
3200,0.15,Plug-in,1.0000000000000004,0.0,0.7499999999936289,0.040527275929491936,0.040396486205415486,0.00013078972407647464,8.48528137423857
3200,0.15,Hoeffding,1.0000000000000004,0.0,0.6418238510873575,0.040527275929491936,0.03953593749024229,0.0009913384392496684,8.48528137423857
3200,0.15,Exact binomial,1.0000000000000004,0.0,0.6793976619875539,0.040527275929491936,0.040027605642653064,0.0004996702868389027,8.48528137423857
