k,local_parameter,theta,adoption,limit_adoption,harmful_certification,scaled_mean_regret,limit_scaled_mean_regret
100,-1.0,-0.1,9.608207526190538e-05,0.00013377201459869564,9.608207526190538e-05,3.940931319669195e-05,6.409150103568381e-05
100,0.0,0.0,0.04431304005703375,0.050000000000000044,0.04431304005703375,0.005308930989335032,0.0068945292984101784
100,0.5,0.05,0.24149057549224334,0.2595110228414442,0.002968959004971008,0.3819763336839339,0.3726614491990595
100,1.0,0.1,0.6225326761221721,0.6387600313123353,0.0,1.1438058528347774,1.0789731912380334
100,2.0,0.2,0.9928264374006269,0.9907422946265046,0.0,1.7319082504120156,1.6222865297585298
400,-1.0,-0.05,0.0001275336422620149,0.00013377201459869564,0.0001275336422620149,5.061064739651062e-05,6.409150103568381e-05
400,0.0,0.0,0.04941089345828242,0.050000000000000044,0.04941089345828242,0.00604413595625916,0.0068945292984101784
400,0.5,0.025,0.25776426287588666,0.2595110228414442,0.003886221202427133,0.37746133187393105,0.3726614491990595
400,1.0,0.05,0.6380187012429634,0.6387600313123353,0.00010795596575143739,1.1103723289232588,1.0789731912380334
400,2.0,0.1,0.9914584402317685,0.9907422946265046,0.0,1.6858601318492679,1.6222865297585298
1600,-1.0,-0.025,0.0001180987931323108,0.00013377201459869564,0.0001180987931323108,5.7566867354275775e-05,6.409150103568381e-05
1600,0.0,0.0,0.04695166074255029,0.050000000000000044,0.04695166074255029,0.0064525779434215814,0.0068945292984101784
1600,0.5,0.0125,0.24981296969600214,0.2595110228414442,0.003703326107604249,0.37493021750811734,0.3726614491990595
1600,1.0,0.025,0.6276988960629686,0.6387600313123353,0.00011332780479797839,1.0940939374063599,1.0789731912380334
1600,2.0,0.05,0.9901899417556976,0.9907422946265046,6.387360824397406e-09,1.6557699340602055,1.6222865297585298
6400,-1.0,-0.0125,0.00012466674726166303,0.00013377201459869564,0.00012466674726166303,6.07960667684943e-05,6.409150103568381e-05
6400,0.0,0.0,0.04820245674946024,0.050000000000000044,0.04820245674946024,0.006668980909069571,0.0068945292984101784
6400,0.5,0.00625,0.25381974882453373,0.2595110228414442,0.0038696466764744078,0.37379797121033026,0.3726614491990595
6400,1.0,0.0125,0.6322030829081335,0.6387600313123353,0.00012341090444343907,1.0864836448739261,1.0789731912380334
6400,2.0,0.025,0.9903485919262658,0.9907422946265046,7.869527828286333e-09,1.6394924996296953,1.6222865297585298
25600,-1.0,-0.00625,0.00012791062779194236,0.00013377201459869564,0.00012791062779194236,6.243146133735822e-05,6.409150103568381e-05
25600,0.0,0.0,0.04883464950215825,0.050000000000000044,0.04883464950215825,0.006780569930958019,0.0068945292984101784
25600,0.5,0.003125,0.2558302942414395,0.2595110228414442,0.003948605623607453,0.37323173311953706,0.3726614491990595
25600,1.0,0.00625,0.6345012128610356,0.6387600313123353,0.00012758956122348397,1.0827204566334667,1.0789731912380334
25600,2.0,0.0125,0.9904681464670859,0.9907422946265046,8.13077263758464e-09,1.6310102568074025,1.6222865297585298
