cell_id,replicate,weight_2048,weight_16384,same_weight,max_critical_error,max_gain_error,radius_error,truth_covariance_error
1,0,0.6000000000000001,0.6000000000000001,True,0.0005935294179738593,0.0007269627472552553,0.0006084576932479657,2.4161093837016256e-06
1,1,0.7000000000000001,0.7000000000000001,True,0.0017998181396156054,0.0012811707753880297,0.001066576528038904,2.3759102061385318e-06
1,2,0.6000000000000001,0.6000000000000001,True,0.0017254162717088017,0.0019382765094824728,0.00024153281515679192,5.396255722441012e-06
1,3,0.6000000000000001,0.6000000000000001,True,0.0015176935917532997,0.001518828791028659,0.000871088475042997,2.2354009694657007e-06
1,4,0.8,0.8,True,0.0008452012013951404,0.0006426229101586522,0.0015324983005182702,2.7113793714672596e-06
1,5,0.7000000000000001,0.7000000000000001,True,0.0011343182610684677,0.0008913094645317532,0.0027936324814402114,6.708871396157723e-06
1,6,0.5,0.5,True,0.0015434947256358633,0.0009299028998236425,0.0007126007019813974,5.236132676174343e-06
1,7,0.6000000000000001,0.6000000000000001,True,0.0013041203237845744,0.00039178217364244095,0.00044375976783123106,5.847723201758692e-06
1,8,0.5,0.5,True,0.0014017039459399694,0.0007434302800759518,0.0015015386916821805,5.632604192284951e-06
1,9,0.6000000000000001,0.6000000000000001,True,0.0015018473474456284,0.00027084998385462633,0.0003365946927059438,6.992565676475215e-06
2,0,0.5,0.5,True,0.0008702673751976309,0.0005530162385014026,0.0005628749345393397,8.97690043163285e-06
2,1,0.9,0.9,True,0.0021758431123700683,0.0008535842549435291,0.0011221877197163388,4.326628128992205e-06
2,2,0.7000000000000001,0.7000000000000001,True,0.0016780440165806154,0.0005722861650983568,0.0001284063755767756,8.719887143762012e-06
2,3,0.6000000000000001,0.6000000000000001,True,0.00104959130799398,0.0006325210936213299,0.00029332969548040433,4.077385737637912e-06
2,4,0.6000000000000001,0.6000000000000001,True,0.0021262214605582974,0.001729915173918739,0.0006735997578001113,3.4575825564910068e-06
2,5,0.7000000000000001,0.7000000000000001,True,0.001389492067894904,0.0009451612406901622,0.0002182873724168033,1.0859534131456294e-05
2,6,0.8,0.7000000000000001,False,0.0014407218877066086,0.00024991827902409725,0.0003662758487771728,2.647477327966802e-06
2,7,0.6000000000000001,0.6000000000000001,True,0.0012011359844763536,0.0002800848594756711,0.0005953252472057358,1.0453093160858046e-05
2,8,0.8,0.8,True,0.0011711218098287568,0.0009933288477877444,0.0010560172593950812,1.4704306892272812e-06
2,9,0.8,0.8,True,0.0011915525370541635,0.0017913959701105764,7.12286560537595e-05,2.0758840046444793e-06
4,0,0.7000000000000001,0.7000000000000001,True,0.0019188938419025803,0.0016950937813626776,0.002774423239481405,1.1171246311933447e-05
4,1,0.6000000000000001,0.6000000000000001,True,0.002683406219457951,0.0021645862193701015,0.004352151099602741,1.3561092719480139e-05
4,2,0.6000000000000001,0.6000000000000001,True,0.0018820171487085036,0.0010248342700694413,0.0008908378643928405,1.889668433170677e-05
4,3,0.1,0.0,False,0.0012907000410311564,0.0008901547089191775,0.012304530746225839,1.4971392231208358e-05
4,4,0.4,0.4,True,0.0021202235594679486,0.00124353837255059,0.0022400188812940203,1.9026692134382905e-05
4,5,0.6000000000000001,0.6000000000000001,True,0.0015485860702827425,0.0021099638632094964,0.0012556959765007703,6.909450312911347e-06
4,6,0.5,0.5,True,0.0007609894225921732,0.0010392824625410357,0.004506557095650537,7.5245500400569765e-06
4,7,0.6000000000000001,0.6000000000000001,True,0.0012560155350866964,0.0011806807618440773,0.0009315947605951225,2.6615940856303255e-05
4,8,0.7000000000000001,0.7000000000000001,True,0.001344795216194572,0.0007485130569160336,0.0031800754538360843,7.997135438538028e-06
4,9,0.6000000000000001,0.6000000000000001,True,0.0025049868395906616,0.003014175421485188,0.0029496053626591467,1.096555362016527e-05
7,0,0.0,0.0,True,0.0008764087834318701,0.0005481308304680077,0.0023580354603590786,4.579669976578771e-16
7,1,0.0,0.0,True,0.0009900844280641419,0.00028659716614465314,0.0003953438468960596,4.85722573273506e-16
7,2,0.0,0.0,True,0.0019020989386294707,0.00046042529060696946,0.003379512199948684,4.996003610813204e-16
7,3,0.0,0.0,True,0.0016530365884565024,0.0006473934434851891,0.0006178586421442256,4.718447854656915e-16
7,4,0.0,0.0,True,0.00018073090123960078,0.00016029520460369984,0.00021380465390521963,5.273559366969494e-16
7,5,0.0,0.0,True,0.0018754892777288479,0.0009502191297687812,0.0002240259240735426,1.8110513089197866e-15
7,6,0.0,0.0,True,0.00018246889172746084,9.335348359162943e-05,0.0001777145825345161,4.85722573273506e-16
7,7,0.0,0.0,True,0.0005808245206878615,0.0007981567143748869,0.000612382160708122,4.996003610813204e-16
7,8,0.30000000000000004,0.30000000000000004,True,0.0007473948807248387,0.0008240225860317585,0.0004879402177143666,5.134781488891349e-16
7,9,0.2,0.2,True,0.0009927471482495953,0.0007405816081870187,0.000202570027296331,4.718447854656915e-16
8,0,0.0,0.0,True,0.0006605685566608566,0.0011055429742273803,0.00010723678235625977,1.0911616940556534e-07
8,1,0.0,0.0,True,0.0008094980617638914,0.00019722856471149353,1.3762826282341656e-05,1.0801829394141427e-07
8,2,0.0,0.0,True,0.0015168327991004205,4.443798692688183e-06,0.0001206103083608856,1.0864549206124341e-07
8,3,0.0,0.0,True,0.0014753460533103446,0.0002556024574156268,0.00011410330112119477,1.0769333716464935e-07
8,4,0.0,0.0,True,0.0020265987377452443,0.0002559859184790847,0.0007230979171475582,1.0708528629804759e-07
8,5,0.0,0.0,True,0.0010425311856553376,0.001547241647763098,0.0002003090184860487,1.0815051487006455e-07
8,6,0.0,0.0,True,0.00043910049735929046,0.00043503533024946694,0.00030265389021135597,1.081569964769824e-07
8,7,0.0,0.0,True,0.00024875637992127775,0.000381943195909229,0.0007041058200343772,1.0734565540626573e-07
8,8,0.0,0.0,True,0.0009327555714788716,0.0006156687161190666,5.3731775119227054e-05,1.0772680626713882e-07
8,9,0.0,0.0,True,0.00037828721569532764,0.00019913686423689292,0.0008939572902208343,1.0832112429248753e-07
9,0,0.0,0.0,True,0.0005343733937620554,5.1125150250408424e-05,0.00034116359288612064,8.604228440844963e-16
9,1,0.0,0.0,True,0.0019799527609190015,3.508817459696445e-06,0.00010563592723671772,8.604228440844963e-16
9,2,0.0,0.0,True,0.0015283788066486892,9.965941383749399e-05,0.0001971464144632229,8.604228440844963e-16
9,3,0.0,0.0,True,0.0004988420108703595,5.468893490845339e-06,0.0001463333606102693,8.604228440844963e-16
9,4,0.0,0.0,True,9.150135194124775e-05,1.049997776436662e-05,9.029670407736251e-05,8.604228440844963e-16
9,5,0.0,0.0,True,0.000989320364131241,5.49489024503913e-07,0.0004053554069934004,8.743006318923108e-16
9,6,0.0,0.0,True,0.0011294428537252932,1.8315505650123853e-05,5.6578679075873495e-05,8.604228440844963e-16
9,7,0.0,0.0,True,3.8880185293077574e-05,8.422173494060381e-06,0.00017439256320339602,8.604228440844963e-16
9,8,0.0,0.0,True,0.0012529287049783955,3.56893998526564e-05,0.0005688489711155251,8.604228440844963e-16
9,9,0.0,0.0,True,0.00028571993929660255,1.7581695927137986e-05,7.264872998285349e-05,8.743006318923108e-16
