scenario,replicate,method,seed,convex_coverage,convex_mean_width,intersection_coverage,intersection_mean_width,empty_intersection,ise,mean_weight
aligned,0,Anchor,2026092829,True,0.3515148889235607,True,0.27377106656602695,False,0.0015034567594652906,0.0
aligned,0,Paired,2026092829,True,0.2585020571319887,True,0.19600573702250523,False,0.0007066706960478394,0.7000000000000001
aligned,1,Anchor,2026092830,True,0.3403557207423993,True,0.23471497061378407,False,0.0007458001517886113,0.0
aligned,1,Paired,2026092830,True,0.27505360614249547,True,0.20064423578344512,False,0.00030648842932995673,0.6000000000000001
aligned,2,Anchor,2026092831,True,0.35094379046063534,True,0.2425548967521174,False,0.0011733376301180582,0.0
aligned,2,Paired,2026092831,True,0.25697092005379807,True,0.1618506094339562,False,0.0011643625697901599,0.7000000000000001
aligned,3,Anchor,2026092832,True,0.3529996961011281,True,0.2347468954824732,False,0.0005480585600370039,0.0
aligned,3,Paired,2026092832,True,0.2738839884439754,True,0.1859397810208254,False,0.0004902797483446322,0.6333333333333334
aligned,4,Anchor,2026092833,True,0.3359013358578863,True,0.24234167980919424,False,0.0009330831449497168,0.0
aligned,4,Paired,2026092833,True,0.256601849647801,True,0.19879006523896292,False,0.0002686017879968109,0.6333333333333334
aligned,5,Anchor,2026092834,True,0.3503954346808049,True,0.27001152875055257,False,0.0010997372881944017,0.0
aligned,5,Paired,2026092834,True,0.2684934783764225,True,0.1926529505390142,False,0.0003788245260861006,0.6333333333333334
aligned,6,Anchor,2026092835,True,0.3528011610681042,True,0.2670081993447078,False,0.00021029293134653635,0.0
aligned,6,Paired,2026092835,True,0.268041336679856,True,0.19423126376136723,False,0.00020327615783913956,0.6666666666666669
aligned,7,Anchor,2026092836,True,0.33877618920657593,True,0.2246838119247637,False,0.00033021250641143376,0.0
aligned,7,Paired,2026092836,True,0.2611462143454467,True,0.1808537429695342,False,0.00010258070973949737,0.6333333333333334
aligned,8,Anchor,2026092837,True,0.3403644436566028,True,0.2702967366836065,False,0.0016394916909432927,0.0
aligned,8,Paired,2026092837,True,0.26216443292435726,True,0.2142375826374391,False,0.0011572003303995818,0.6333333333333334
aligned,9,Anchor,2026092838,True,0.3646755602006811,True,0.23627980996595638,False,0.00014836616004741793,0.0
aligned,9,Paired,2026092838,True,0.26338902353430665,True,0.18316381253989103,False,0.00031557663675607243,0.7666666666666666
aligned,10,Anchor,2026092839,True,0.3404203078327766,True,0.2533275953211355,False,0.0005327508359198597,0.0
aligned,10,Paired,2026092839,True,0.2536543119535751,True,0.20682013001919614,False,0.00032878277984904955,0.7000000000000001
aligned,11,Anchor,2026092840,True,0.37998259184658173,True,0.2550863400252112,False,0.0006038619903067393,0.0
aligned,11,Paired,2026092840,True,0.2749309122217519,False,0.16879020563509606,False,0.0005081430868643137,0.7333333333333334
aligned,12,Anchor,2026092841,True,0.34187093240172406,True,0.2492549329683776,False,0.00045724029648460367,0.0
aligned,12,Paired,2026092841,True,0.254098271520543,True,0.17620490564108612,False,0.00024391327715553288,0.7000000000000001
aligned,13,Anchor,2026092842,True,0.35058142645408197,True,0.283550093180292,False,0.00038004191423485586,0.0
aligned,13,Paired,2026092842,True,0.26084510768102104,True,0.19889488321461046,False,0.00028454829466123636,0.6666666666666666
aligned,14,Anchor,2026092843,True,0.35763053203345907,True,0.2699126025631495,False,0.0011301362102151987,0.0
aligned,14,Paired,2026092843,True,0.26901025413848334,True,0.1999444600615728,False,0.0009955638589891642,0.7000000000000002
aligned,15,Anchor,2026092844,True,0.36970546796647497,True,0.22173788259379804,False,0.00033173134949507734,0.0
aligned,15,Paired,2026092844,True,0.2794827816231764,True,0.15555875332955668,False,0.00026794548068051585,0.6666666666666666
aligned,16,Anchor,2026092845,True,0.3543783302578833,True,0.26472903708568246,False,0.001893481326733217,0.0
aligned,16,Paired,2026092845,True,0.26780246275662745,True,0.18810726860882948,False,0.0011336400908367207,0.6000000000000001
aligned,17,Anchor,2026092846,True,0.3588457868121471,True,0.2859750206194104,False,0.0006637655880183038,0.0
aligned,17,Paired,2026092846,True,0.28278942814709473,True,0.22411212502514763,False,0.00027901115713868094,0.6000000000000001
aligned,18,Anchor,2026092847,True,0.37322952993119035,True,0.22593347185855586,False,0.0006290920725960829,0.0
aligned,18,Paired,2026092847,True,0.2521043236977915,False,0.16762069143309447,False,0.00047451491140112877,0.7666666666666666
aligned,19,Anchor,2026092848,True,0.3583426413012575,True,0.25404037224971004,False,0.0008491484600892157,0.0
aligned,19,Paired,2026092848,True,0.2828429871780455,True,0.20553327933515278,False,0.0007400000333912784,0.6333333333333334
aligned,20,Anchor,2026092849,True,0.32837144997046946,True,0.24436080741969243,False,0.0007797765134908839,0.0
aligned,20,Paired,2026092849,True,0.24726111696957515,True,0.1969663434347218,False,0.0003770847966588115,0.6333333333333334
aligned,21,Anchor,2026092850,True,0.33627919505756804,True,0.25317407437187417,False,0.0004986669083064827,0.0
aligned,21,Paired,2026092850,True,0.24918721856742584,True,0.1775726408208658,False,0.00022256831738072711,0.6666666666666666
aligned,22,Anchor,2026092851,True,0.34792545804049935,True,0.27887357623326403,False,0.0038438934558572,0.0
aligned,22,Paired,2026092851,True,0.2834719485447878,True,0.21818920325941518,False,0.0013824140283243765,0.5666666666666668
aligned,23,Anchor,2026092852,True,0.34594763503713244,True,0.28652523562790705,False,0.000925748337553005,0.0
aligned,23,Paired,2026092852,True,0.27174898133619296,True,0.22615772775098794,False,0.0004214269646382699,0.6000000000000001
aligned,24,Anchor,2026092853,True,0.3474040024160325,True,0.25757554588749176,False,0.0005144686333824562,0.0
aligned,24,Paired,2026092853,True,0.25113743548855266,True,0.18552722814984213,False,0.0002041854801611261,0.7000000000000001
aligned,25,Anchor,2026092854,True,0.3723669611385794,True,0.2950150278182024,False,0.003285615350503657,0.0
aligned,25,Paired,2026092854,True,0.2834874074126611,True,0.21153217754778517,False,0.0006359477661191024,0.7000000000000001
aligned,26,Anchor,2026092855,True,0.3326938846696705,True,0.22753113675780273,False,0.0019113364925956874,0.0
aligned,26,Paired,2026092855,True,0.2375133416602357,True,0.17697202930134864,False,0.0011774071629258927,0.7666666666666667
aligned,27,Anchor,2026092856,True,0.3189859728202027,False,0.20939372747158957,False,0.0035003320245299324,0.0
aligned,27,Paired,2026092856,True,0.2472865027053879,True,0.16604662773015358,False,0.0006382276464020687,0.6333333333333334
aligned,28,Anchor,2026092857,True,0.31774415001193074,True,0.24302114574490083,False,0.0007196374146746456,0.0
aligned,28,Paired,2026092857,True,0.2370007970146859,True,0.18464417820802545,False,0.0002278530428682175,0.6666666666666666
aligned,29,Anchor,2026092858,True,0.36811235295690636,True,0.27110252592100753,False,0.0005325425983084244,0.0
aligned,29,Paired,2026092858,True,0.26458154242869897,True,0.20710456446432568,False,0.00031917857350516235,0.7666666666666666
aligned,30,Anchor,2026092859,True,0.3437897002231847,True,0.2690537504483502,False,0.00029011664300656774,0.0
aligned,30,Paired,2026092859,True,0.25207692899305806,True,0.19419107909342292,False,0.00028117496363857353,0.6666666666666666
aligned,31,Anchor,2026092860,True,0.33845017008185513,True,0.2344275243342507,False,0.0005297623748080747,0.0
aligned,31,Paired,2026092860,True,0.26880508014604515,True,0.2143101644140551,False,0.0005276713603240183,0.6000000000000001
aligned,32,Anchor,2026092861,True,0.3500385873242041,False,0.20516984237404046,False,0.00045018802733016143,0.0
aligned,32,Paired,2026092861,True,0.2531936773034845,True,0.17674615807386038,False,0.0004524732992737209,0.7000000000000001
aligned,33,Anchor,2026092862,True,0.3566902625817763,True,0.24847106385598675,False,0.0010166964439845296,0.0
aligned,33,Paired,2026092862,True,0.26737534129416035,True,0.18192497125555768,False,0.0008269875175251427,0.6666666666666666
aligned,34,Anchor,2026092863,True,0.3448499244550388,True,0.2665426714624381,False,0.00043592121315979773,0.0
aligned,34,Paired,2026092863,True,0.25235548511184125,True,0.18206437699549965,False,0.00013490609129215318,0.7000000000000001
aligned,35,Anchor,2026092864,True,0.3164536570545143,True,0.24910154221205497,False,0.0005220603667759422,0.0
aligned,35,Paired,2026092864,True,0.23104685800882066,True,0.16068219243687334,False,0.00047155543411848895,0.7000000000000001
aligned,36,Anchor,2026092865,True,0.347402775967788,True,0.2864511752394988,False,0.0002682966807672771,0.0
aligned,36,Paired,2026092865,True,0.25053197733488564,True,0.17979088632389836,False,0.000296016323470506,0.7333333333333334
aligned,37,Anchor,2026092866,True,0.36114725533728675,False,0.18472050879460755,False,0.000553506757343875,0.0
aligned,37,Paired,2026092866,True,0.2727514365924312,False,0.16967785250097317,False,0.0008509222210460147,0.6666666666666666
aligned,38,Anchor,2026092867,True,0.34731246470490307,True,0.29798782958955233,False,0.00044462469182853507,0.0
aligned,38,Paired,2026092867,True,0.25376777623229757,True,0.2121868451012751,False,0.0004482030982781061,0.7000000000000002
aligned,39,Anchor,2026092868,True,0.3261532052660328,True,0.20126100375486436,False,0.0005192805808337331,0.0
aligned,39,Paired,2026092868,True,0.2536764100623207,True,0.17032902988671658,False,0.000314136100045372,0.6000000000000001
aligned,40,Anchor,2026092869,True,0.3445783318929148,True,0.25762654295780524,False,0.000618484603683916,0.0
aligned,40,Paired,2026092869,True,0.2681250769113542,True,0.20168610909432313,False,0.0003167265427143224,0.6333333333333334
aligned,41,Anchor,2026092870,True,0.34681631568455806,True,0.23567829828021777,False,0.0004701621000216408,0.0
aligned,41,Paired,2026092870,True,0.260806631928166,True,0.1834665490009886,False,0.0005767654599099509,0.6666666666666669
aligned,42,Anchor,2026092871,True,0.34162803828424426,True,0.25611477117729403,False,0.00044466808989756303,0.0
aligned,42,Paired,2026092871,True,0.24458881577395944,True,0.2022598223730658,False,0.0005762553996337508,0.7666666666666666
aligned,43,Anchor,2026092872,True,0.34554985034455055,True,0.23388575980229245,False,0.000863084379730216,0.0
aligned,43,Paired,2026092872,True,0.25811061239417443,True,0.1768989651042657,False,0.00043848479915250263,0.7000000000000001
aligned,44,Anchor,2026092873,True,0.34359989743910535,True,0.28094868457089506,False,0.004755851274478593,0.0
aligned,44,Paired,2026092873,True,0.26030314293518275,True,0.19362585629104628,False,0.0013134223529245141,0.6333333333333334
aligned,45,Anchor,2026092874,True,0.35848784054950017,True,0.23496351917472094,False,0.0015334382332806266,0.0
aligned,45,Paired,2026092874,True,0.2601105928961779,True,0.18243388013740539,False,0.0004985234848469436,0.7333333333333334
aligned,46,Anchor,2026092875,True,0.3649999896812905,False,0.23054030709243914,False,0.004032627877770515,0.0
aligned,46,Paired,2026092875,True,0.28049895985228,True,0.21459587366338312,False,0.0017055761108838927,0.6333333333333334
aligned,47,Anchor,2026092876,True,0.3377986579349489,True,0.2644335530984181,False,0.0003007885689774937,0.0
aligned,47,Paired,2026092876,True,0.26698491553138964,True,0.21223985656241307,False,0.00029530308636294914,0.6000000000000001
aligned,48,Anchor,2026092877,True,0.34881935216448057,True,0.28740092067582085,False,0.0006923152093567128,0.0
aligned,48,Paired,2026092877,True,0.24715344874795317,True,0.20243007313823463,False,0.0005086823666783951,0.7666666666666667
aligned,49,Anchor,2026092878,True,0.3769577652142461,True,0.22640677905980314,False,0.00031074082556391296,0.0
aligned,49,Paired,2026092878,True,0.28219827161758204,True,0.1785703412370023,False,0.00031591824229513886,0.7000000000000001
aligned,50,Anchor,2026092879,True,0.3135313694635412,True,0.20315733786839485,False,0.0007274873764073871,0.0
aligned,50,Paired,2026092879,True,0.23833337494024368,True,0.1587694722868489,False,0.00038205818272984526,0.6333333333333334
aligned,51,Anchor,2026092880,True,0.3300765236522242,True,0.2475574320520515,False,0.0004728334538954719,0.0
aligned,51,Paired,2026092880,True,0.2458921587328384,True,0.19677123054478265,False,0.00035343567468831756,0.6666666666666669
aligned,52,Anchor,2026092881,True,0.34182893483826504,True,0.2801299462920545,False,0.00040784200319407364,0.0
aligned,52,Paired,2026092881,True,0.2460470671093007,True,0.18673047233628207,False,0.00046091295578500665,0.7000000000000001
aligned,53,Anchor,2026092882,True,0.35027949880958315,True,0.2887467627102595,False,0.0013906486174716443,0.0
aligned,53,Paired,2026092882,True,0.2713909569749188,True,0.21546387884884388,False,0.0010991818664809823,0.6333333333333334
aligned,54,Anchor,2026092883,True,0.36948101064182765,True,0.30917159039618475,False,0.0009803458760648635,0.0
aligned,54,Paired,2026092883,True,0.2718339865338771,True,0.21051078816532134,False,0.0005227170055352126,0.7000000000000001
aligned,55,Anchor,2026092884,True,0.3071248456467971,True,0.24751320605014282,False,0.00028687327340324795,0.0
aligned,55,Paired,2026092884,True,0.25853362860926865,True,0.19917308394958044,False,0.0001643325490754601,0.46666666666666673
aligned,56,Anchor,2026092885,True,0.3601719223377507,True,0.2577921203958662,False,0.0008168488766462175,0.0
aligned,56,Paired,2026092885,True,0.2462130797038417,True,0.18051655182171394,False,0.0008112251332825638,0.7333333333333334
aligned,57,Anchor,2026092886,True,0.34256626921387034,False,0.201847772912984,False,0.001735219312759873,0.0
aligned,57,Paired,2026092886,True,0.2644315230534029,True,0.1693120114598416,False,0.0004844984053445633,0.6666666666666666
aligned,58,Anchor,2026092887,True,0.3548804843430796,True,0.24074250694372448,False,0.0012250692819181942,0.0
aligned,58,Paired,2026092887,True,0.26160202566666557,True,0.17781191014494097,False,0.00035071315193041866,0.6666666666666669
aligned,59,Anchor,2026092888,True,0.3495558810469642,True,0.25075255342953984,False,0.0002791281798894537,0.0
aligned,59,Paired,2026092888,True,0.2619742493546213,True,0.1948107797789775,False,0.00022975024454148624,0.6333333333333334
aligned,60,Anchor,2026092889,True,0.36815875896240957,True,0.29809728706559885,False,0.00016313123308356588,0.0
aligned,60,Paired,2026092889,True,0.25915468020097643,True,0.1983262132986587,False,0.0009713967153118497,0.8000000000000002
aligned,61,Anchor,2026092890,True,0.3815659221652024,True,0.22824295781491763,False,0.002158568607602791,0.0
aligned,61,Paired,2026092890,True,0.26579533042617154,True,0.18194430495390976,False,0.00022050593009190453,0.8000000000000002
aligned,62,Anchor,2026092891,True,0.3417343068140942,True,0.22333489825273298,False,0.0005644443188104786,0.0
aligned,62,Paired,2026092891,True,0.24447571979362875,True,0.16702041627252986,False,0.0007211555437099635,0.7000000000000001
aligned,63,Anchor,2026092892,True,0.3538027345015224,True,0.29069348317708704,False,0.004389940927578473,0.0
aligned,63,Paired,2026092892,True,0.25347063246700763,True,0.19168205399999666,False,0.0022055259453876556,0.7333333333333334
aligned,64,Anchor,2026092893,True,0.3259367953632158,True,0.21051919324810045,False,0.00017378742366791293,0.0
aligned,64,Paired,2026092893,True,0.24204240632298304,True,0.14966558623060164,False,0.0001453523659120484,0.7000000000000001
aligned,65,Anchor,2026092894,True,0.37591733525976884,True,0.3013499590108197,False,0.0009049197249160485,0.0
aligned,65,Paired,2026092894,True,0.2737283191267784,True,0.22719593839081018,False,0.0005116021335885894,0.7000000000000001
aligned,66,Anchor,2026092895,True,0.36219210143775743,True,0.19062944662036635,False,0.0010522641910635927,0.0
aligned,66,Paired,2026092895,True,0.2735158557785816,True,0.16635551208854565,False,0.0005106149526111629,0.6666666666666669
aligned,67,Anchor,2026092896,True,0.34220049644624767,True,0.21756966718936324,False,0.0003563229861308239,0.0
aligned,67,Paired,2026092896,True,0.25958143793793986,True,0.16558568358306908,False,0.00017545724063199058,0.6666666666666669
aligned,68,Anchor,2026092897,True,0.34557358476757283,True,0.25711480392611474,False,0.0004611176939038098,0.0
aligned,68,Paired,2026092897,True,0.23889695377689435,True,0.1638003969291628,False,0.0001671003264121694,0.7333333333333334
aligned,69,Anchor,2026092898,True,0.3503435615386947,True,0.2696660191915535,False,0.0072114362973117125,0.0
aligned,69,Paired,2026092898,True,0.2505887078441944,True,0.198760461309026,False,0.0022811048499793854,0.7000000000000001
aligned,70,Anchor,2026092899,True,0.3574562645472121,True,0.26569135244734415,False,0.00024920086239234665,0.0
aligned,70,Paired,2026092899,True,0.267713636007566,True,0.19411042877888243,False,0.00024710937657251766,0.7000000000000001
aligned,71,Anchor,2026092900,True,0.33073794140025203,True,0.227698252709156,False,0.0014445669043235342,0.0
aligned,71,Paired,2026092900,True,0.2508716444784375,True,0.17750227411497793,False,0.0007778700880751113,0.6333333333333334
aligned,72,Anchor,2026092901,True,0.37850805090139783,True,0.2854451572813888,False,0.0012250133197201506,0.0
aligned,72,Paired,2026092901,True,0.28075813194925237,True,0.22626450459212238,False,0.00039772361300399734,0.7000000000000001
aligned,73,Anchor,2026092902,True,0.3454882026253453,True,0.2831928822671998,False,0.00032200625030325426,0.0
aligned,73,Paired,2026092902,True,0.24574240975475667,True,0.18362607888676385,False,0.0001809001636871685,0.7666666666666666
aligned,74,Anchor,2026092903,True,0.34747577720342243,True,0.25263849708061153,False,0.0009297033883392942,0.0
aligned,74,Paired,2026092903,True,0.2857273392700644,True,0.2137214309860023,False,0.0006362441152362195,0.5333333333333333
aligned,75,Anchor,2026092904,True,0.35933471969382264,True,0.26835919089098736,False,0.001902247188420931,0.0
aligned,75,Paired,2026092904,True,0.25968892412631034,True,0.17004602579281938,False,0.0004843697089183361,0.7000000000000001
aligned,76,Anchor,2026092905,True,0.343136966169319,True,0.2549467725486809,False,0.0011642210125757772,0.0
aligned,76,Paired,2026092905,True,0.2653731256288859,True,0.1865878065988415,False,0.0007227009365372404,0.6000000000000001
aligned,77,Anchor,2026092906,True,0.31516672130984563,True,0.25742612765442174,False,0.0007580710290771445,0.0
aligned,77,Paired,2026092906,True,0.23179810101812978,True,0.173423144638049,False,0.00020479707100194,0.7000000000000001
aligned,78,Anchor,2026092907,True,0.3640905627332404,True,0.2478531752965214,False,0.0002761664350733527,0.0
aligned,78,Paired,2026092907,True,0.2991851691133221,True,0.22138807685646428,False,0.00023277007626985811,0.6
aligned,79,Anchor,2026092908,True,0.35564268649181513,True,0.2969236356308275,False,0.0006801235767778358,0.0
aligned,79,Paired,2026092908,True,0.2435499190676554,True,0.2062948809802063,False,0.00034271618153254433,0.7666666666666667
aligned,80,Anchor,2026092909,True,0.3412533152668208,True,0.21926672189412436,False,0.0008109469366148596,0.0
aligned,80,Paired,2026092909,True,0.24383056804514824,True,0.15826521955650136,False,0.0004693098715748235,0.7000000000000001
aligned,81,Anchor,2026092910,True,0.34990758119875504,True,0.2795181594762969,False,0.0006661731238933305,0.0
aligned,81,Paired,2026092910,True,0.2695559016432566,True,0.20248834393061646,False,0.00046473069755949005,0.6666666666666666
aligned,82,Anchor,2026092911,True,0.34725958926266554,True,0.2853913766506511,False,0.0005804846125268688,0.0
aligned,82,Paired,2026092911,True,0.2563643312287461,True,0.19930997354099667,False,0.0005019287804609195,0.7000000000000001
aligned,83,Anchor,2026092912,True,0.3852076771588265,True,0.23401250293323578,False,0.0020907558149956752,0.0
aligned,83,Paired,2026092912,True,0.257472976041439,True,0.1880049750039769,False,0.0011191503114569633,0.8000000000000002
aligned,84,Anchor,2026092913,True,0.3491856730815383,True,0.26641566973067093,False,0.0009359437523026121,0.0
aligned,84,Paired,2026092913,True,0.271853338424703,True,0.21393266220220428,False,0.000343278736155899,0.6000000000000001
aligned,85,Anchor,2026092914,True,0.3780339956265153,True,0.2822971928351527,False,0.000763522749757421,0.0
aligned,85,Paired,2026092914,True,0.27552805847691675,True,0.20235797349102283,False,0.0005817102275048637,0.7000000000000001
aligned,86,Anchor,2026092915,True,0.3389514497965468,True,0.19047736526359627,False,0.00034374506086739116,0.0
aligned,86,Paired,2026092915,True,0.2572360882210383,True,0.16399961405641153,False,0.00030051883451207684,0.6666666666666666
aligned,87,Anchor,2026092916,True,0.3436506834256461,True,0.26354977927321405,False,0.00030669097995434356,0.0
aligned,87,Paired,2026092916,True,0.2663363527670767,True,0.20171933329754893,False,9.027901889909267e-05,0.6333333333333333
aligned,88,Anchor,2026092917,True,0.30587099558126063,False,0.1978620318021261,False,0.0003215823255710686,0.0
aligned,88,Paired,2026092917,True,0.25106397055242285,False,0.16900460616528093,False,0.00019738923231369933,0.5333333333333333
aligned,89,Anchor,2026092918,True,0.36132314403712823,True,0.22432543919509057,False,0.0008333124471643447,0.0
aligned,89,Paired,2026092918,True,0.2606595234569037,True,0.15261990028042188,False,0.00028631979917863234,0.7333333333333334
aligned,90,Anchor,2026092919,True,0.32891507091574684,True,0.24820939391613137,False,0.0007202907429653479,0.0
aligned,90,Paired,2026092919,True,0.2693426816875514,True,0.2069572197965343,False,0.0004440062074661651,0.5666666666666668
aligned,91,Anchor,2026092920,True,0.3510055649836242,True,0.2728781430052318,False,0.00021674431893468904,0.0
aligned,91,Paired,2026092920,True,0.261747680391614,True,0.18832831207871173,False,0.0003827968179060888,0.6666666666666669
aligned,92,Anchor,2026092921,True,0.3592120906822824,True,0.23899165192404848,False,0.000484256006192263,0.0
aligned,92,Paired,2026092921,True,0.2607091586936529,True,0.20099420858557387,False,0.0005751220945555047,0.7000000000000001
aligned,93,Anchor,2026092922,True,0.352246258178328,True,0.26697512439159005,False,0.0009380184278304646,0.0
aligned,93,Paired,2026092922,True,0.2608806911780461,True,0.18215881411697862,False,0.0003804808643026643,0.7000000000000001
aligned,94,Anchor,2026092923,True,0.3589490233988383,True,0.28392921085907535,False,0.0013416817829397464,0.0
aligned,94,Paired,2026092923,True,0.27553241804705414,True,0.21617654283134982,False,0.0007412368805607319,0.6666666666666666
aligned,95,Anchor,2026092924,True,0.35190244623913036,True,0.22904177099826098,False,0.000571868361275484,0.0
aligned,95,Paired,2026092924,True,0.2690929238987393,True,0.19518201714864247,False,0.0007467023160740258,0.6666666666666666
aligned,96,Anchor,2026092925,True,0.37535826535268724,True,0.2488088425823662,False,0.0007281234862676185,0.0
aligned,96,Paired,2026092925,True,0.2719213812699124,True,0.1885677917559673,False,0.000410239173241806,0.7666666666666666
aligned,97,Anchor,2026092926,True,0.3400834405682662,True,0.2741543727360715,False,0.00127246058566234,0.0
aligned,97,Paired,2026092926,True,0.2520071822248657,True,0.19640151747909826,False,0.0005640145544742915,0.7000000000000001
aligned,98,Anchor,2026092927,True,0.37735700535199046,True,0.2436461934751671,False,0.0032398267915136054,0.0
aligned,98,Paired,2026092927,True,0.25850903836959965,True,0.18601921406796298,False,0.0009416310640167628,0.8000000000000002
aligned,99,Anchor,2026092928,True,0.33872279968705443,True,0.2855717559245507,False,0.0010197740878322638,0.0
aligned,99,Paired,2026092928,True,0.2618515818564195,True,0.20855388274696532,False,0.001083425621340619,0.6333333333333334
aligned,100,Anchor,2026092929,True,0.3449938375990465,True,0.28321529509156257,False,0.0005469000079297697,0.0
aligned,100,Paired,2026092929,True,0.22627426919009735,True,0.17689119824165703,False,0.0003454219423511757,0.8000000000000002
aligned,101,Anchor,2026092930,True,0.3604910929558498,True,0.27478255783225364,False,0.0010554548851362286,0.0
aligned,101,Paired,2026092930,True,0.2550560348775707,True,0.18689783462678292,False,0.0006154915211611971,0.7000000000000001
aligned,102,Anchor,2026092931,True,0.34997377326310763,True,0.278762356071967,False,0.0041919944450451874,0.0
aligned,102,Paired,2026092931,True,0.27018433685017695,True,0.21640195423300007,False,0.0011201508073462826,0.6333333333333334
aligned,103,Anchor,2026092932,True,0.33801234626197957,True,0.26357640878712113,False,0.0005002520951790841,0.0
aligned,103,Paired,2026092932,True,0.2654232682993382,True,0.19768808621088713,False,0.00011133276158098997,0.6333333333333334
aligned,104,Anchor,2026092933,True,0.3744669150953143,True,0.312687334903579,False,0.005153505207282427,0.0
aligned,104,Paired,2026092933,True,0.2930077245664098,True,0.24932791747394362,False,0.0018987083668760253,0.6000000000000001
aligned,105,Anchor,2026092934,True,0.349530442043685,True,0.20783601387542458,False,0.0005609204853130776,0.0
aligned,105,Paired,2026092934,True,0.25854198302472753,True,0.17430669403652427,False,0.00035020677848921205,0.7000000000000001
aligned,106,Anchor,2026092935,True,0.3372597390126767,True,0.28823382070572795,False,0.0007040118704459375,0.0
aligned,106,Paired,2026092935,True,0.26368934218739326,True,0.22216454835943572,False,0.0001275499427261612,0.6333333333333334
aligned,107,Anchor,2026092936,True,0.34332362585794246,True,0.2632161406710577,False,0.00017579898053476508,0.0
aligned,107,Paired,2026092936,True,0.2676213849719732,True,0.19110723851923175,False,0.00019376638021999788,0.6000000000000001
aligned,108,Anchor,2026092937,True,0.35838838790939864,True,0.29184820985400667,False,0.0005258096189282239,0.0
aligned,108,Paired,2026092937,True,0.2512379589299799,True,0.19184317298712025,False,0.00012466926057777718,0.7666666666666666
aligned,109,Anchor,2026092938,True,0.3440416535649015,True,0.23034560503404597,False,0.0035428944942955897,0.0
aligned,109,Paired,2026092938,True,0.2556257367649008,False,0.12239061059664409,False,0.0009139905882646575,0.7000000000000001
aligned,110,Anchor,2026092939,True,0.34057886483976807,True,0.2507939084439537,False,0.00044108407240626247,0.0
aligned,110,Paired,2026092939,True,0.25622368277920743,True,0.19068156373827985,False,9.428797502827687e-05,0.6333333333333334
aligned,111,Anchor,2026092940,True,0.34428157941785725,False,0.21798460710459858,False,0.0015683762504092682,0.0
aligned,111,Paired,2026092940,True,0.24732170684772678,True,0.16631618142594812,False,0.0008454538981741674,0.7333333333333334
aligned,112,Anchor,2026092941,True,0.3596554166736989,True,0.30289085827439516,False,0.00046703660810726115,0.0
aligned,112,Paired,2026092941,True,0.2748267196958428,True,0.2152305141882858,False,0.00027492351454969376,0.6666666666666666
aligned,113,Anchor,2026092942,True,0.3411308389568783,True,0.2466731874039127,False,0.0005243978038655116,0.0
aligned,113,Paired,2026092942,True,0.26824778682833916,True,0.2007829208533336,False,0.00010265943685502208,0.6000000000000001
aligned,114,Anchor,2026092943,True,0.34466664981317524,True,0.2741237357031185,False,0.0006751832145713459,0.0
aligned,114,Paired,2026092943,True,0.2630682544448552,True,0.20337130577864504,False,0.0003375153891748621,0.6333333333333334
aligned,115,Anchor,2026092944,True,0.35272598603424454,True,0.2948227491241407,False,0.000625666278660743,0.0
aligned,115,Paired,2026092944,True,0.2734767732109388,True,0.2144136459821457,False,0.00043236029542495464,0.6333333333333334
aligned,116,Anchor,2026092945,True,0.34733073941739745,True,0.22033524137087682,False,0.0001562301466838565,0.0
aligned,116,Paired,2026092945,True,0.258883571680265,True,0.16553033072378356,False,0.0002068090453804328,0.7000000000000001
aligned,117,Anchor,2026092946,True,0.3495144693752409,True,0.2881664266263663,False,0.0005605729377464,0.0
aligned,117,Paired,2026092946,True,0.26914165074389673,True,0.21617495605196577,False,0.0004939286494683443,0.6333333333333334
aligned,118,Anchor,2026092947,True,0.3383786158602655,True,0.26521101414486414,False,0.0003216142290859691,0.0
aligned,118,Paired,2026092947,True,0.25598147578015634,True,0.20171080947636605,False,0.00021123945281749373,0.6333333333333334
aligned,119,Anchor,2026092948,True,0.33919398606068374,True,0.2683227178356936,False,0.0011937530363514922,0.0
aligned,119,Paired,2026092948,True,0.2530956783357664,True,0.18627189805577146,False,0.00035330460578455336,0.6666666666666669
aligned,120,Anchor,2026092949,True,0.3546757947438613,True,0.2927585479602331,False,6.572638025803337e-05,0.0
aligned,120,Paired,2026092949,True,0.25826078142558206,True,0.18079317461339175,False,0.00010449603858711564,0.6666666666666666
aligned,121,Anchor,2026092950,True,0.3722388043039374,True,0.29268665873579536,False,0.0005938100682944987,0.0
aligned,121,Paired,2026092950,True,0.27068293737781973,True,0.2256099784540224,False,0.0003847976548505844,0.7333333333333334
aligned,122,Anchor,2026092951,True,0.3344739342564516,True,0.19990277672553805,False,0.002843354356941348,0.0
aligned,122,Paired,2026092951,True,0.25658545260203997,True,0.1679680670777476,False,0.0008711227184936024,0.6333333333333334
aligned,123,Anchor,2026092952,True,0.3614195985326005,True,0.2712726490080328,False,0.0013866082213514464,0.0
aligned,123,Paired,2026092952,True,0.2675506356028856,True,0.20809848561139527,False,0.0008986333376578586,0.7000000000000001
aligned,124,Anchor,2026092953,True,0.3171098366516957,True,0.25640219203416115,False,0.0003294397956639951,0.0
aligned,124,Paired,2026092953,True,0.2578439210852301,True,0.2056743909203564,False,0.000324129479097678,0.5666666666666668
aligned,125,Anchor,2026092954,True,0.33408244141285864,True,0.270397286328162,False,0.006297552940021858,0.0
aligned,125,Paired,2026092954,True,0.2459256500873501,True,0.2032612077250049,False,0.002266069410470812,0.7000000000000001
aligned,126,Anchor,2026092955,True,0.3513712076998103,True,0.24490486382336954,False,0.0007258566919806408,0.0
aligned,126,Paired,2026092955,True,0.27373864046053153,True,0.209527041163253,False,0.0007945482256465909,0.6333333333333333
aligned,127,Anchor,2026092956,True,0.35285909184708153,True,0.2776488304150815,False,0.00025464265893850274,0.0
aligned,127,Paired,2026092956,True,0.25985175310739034,True,0.1965932862089718,False,0.00026090550416274977,0.7000000000000002
aligned,128,Anchor,2026092957,True,0.34002073419321566,True,0.23765318162444932,False,0.0004467651246027501,0.0
aligned,128,Paired,2026092957,True,0.271175487617256,True,0.19979427633442068,False,0.0004725064652457809,0.6
aligned,129,Anchor,2026092958,True,0.36275137190931306,True,0.26215723857386014,False,0.0002851762092958093,0.0
aligned,129,Paired,2026092958,True,0.27297062315320697,True,0.219526948777081,False,0.0003018880961743294,0.6666666666666669
aligned,130,Anchor,2026092959,True,0.3455485030859552,True,0.21052654823372827,False,0.0004161252078312403,0.0
aligned,130,Paired,2026092959,True,0.2623431631814899,True,0.18097021660308246,False,0.0004914825553291303,0.7000000000000002
aligned,131,Anchor,2026092960,True,0.35804248643121805,False,0.26724202678354647,False,0.004495663645072969,0.0
aligned,131,Paired,2026092960,True,0.24597716763614594,False,0.17519950053046593,False,0.0013171664387816918,0.7666666666666666
aligned,132,Anchor,2026092961,True,0.351332036624405,True,0.27649439858583663,False,0.00029586990407392134,0.0
aligned,132,Paired,2026092961,True,0.2646532241934922,True,0.20875928811419828,False,0.0005078633758249606,0.6666666666666666
aligned,133,Anchor,2026092962,True,0.32329896095835364,True,0.23814334192630401,False,0.0015628968586506608,0.0
aligned,133,Paired,2026092962,True,0.2586453717838265,True,0.1826011176439232,False,0.0007885898095680277,0.5666666666666668
aligned,134,Anchor,2026092963,True,0.32238538883347606,True,0.28150711543277807,False,0.00032586217141703335,0.0
aligned,134,Paired,2026092963,True,0.2358643563640226,True,0.19101945284478394,False,0.000225050955742787,0.6666666666666666
aligned,135,Anchor,2026092964,True,0.3478401681280573,True,0.2399303492162699,False,0.003717917078113888,0.0
aligned,135,Paired,2026092964,True,0.2505419479922783,True,0.19316527782015186,False,0.002087686179474341,0.7333333333333334
aligned,136,Anchor,2026092965,True,0.3533265428830409,True,0.3000684578688211,False,0.0001171021669929244,0.0
aligned,136,Paired,2026092965,True,0.2729100994669416,True,0.2094754036861844,False,5.233992965598501e-05,0.6333333333333334
aligned,137,Anchor,2026092966,True,0.393435526790597,True,0.28976880272644234,False,0.0005202542256314963,0.0
aligned,137,Paired,2026092966,True,0.2907964989002642,True,0.220142970649052,False,0.0002566960485995097,0.7000000000000001
aligned,138,Anchor,2026092967,True,0.3652627318887687,True,0.27693606999140036,False,0.0007552224765004562,0.0
aligned,138,Paired,2026092967,True,0.28704352526831517,True,0.22143323298352374,False,0.0008496260905860363,0.6000000000000001
aligned,139,Anchor,2026092968,True,0.35390999975688836,True,0.26109408299047876,False,0.0001969840788684385,0.0
aligned,139,Paired,2026092968,True,0.2717316477487223,True,0.21076503181236897,False,0.0001359162817629506,0.6333333333333334
aligned,140,Anchor,2026092969,True,0.35227064626071763,True,0.2331797658102957,False,0.0014599198319503646,0.0
aligned,140,Paired,2026092969,True,0.2742538313948345,True,0.19577303881056127,False,0.0006694637165335473,0.6333333333333334
aligned,141,Anchor,2026092970,True,0.33174615179637496,True,0.2921964241945377,False,0.0008905678554970208,0.0
aligned,141,Paired,2026092970,True,0.2585098906500374,True,0.21634182238432606,False,0.00024383987489324385,0.5666666666666668
aligned,142,Anchor,2026092971,True,0.3495027549063936,True,0.22670915642863476,False,0.0008709367815663628,0.0
aligned,142,Paired,2026092971,True,0.2735862014598439,True,0.19130918026721094,False,0.001275482575019507,0.6333333333333333
aligned,143,Anchor,2026092972,True,0.3345151113076753,True,0.2453260970496962,False,0.0032867677419817563,0.0
aligned,143,Paired,2026092972,True,0.23935538398966966,True,0.1648084049578818,False,0.0010528611582038144,0.7333333333333334
aligned,144,Anchor,2026092973,True,0.3864489219552749,True,0.2699179426740859,False,0.001001826901759436,0.0
aligned,144,Paired,2026092973,True,0.2894937839159951,True,0.18240448336414536,False,0.0008621179387993755,0.7000000000000001
aligned,145,Anchor,2026092974,True,0.3370493278263557,False,0.19255973687674288,False,0.002051555451944114,0.0
aligned,145,Paired,2026092974,True,0.2675553328739458,True,0.1709004419169513,False,0.0007947098035851785,0.6000000000000001
aligned,146,Anchor,2026092975,True,0.3476206191499469,True,0.2674730858842069,False,0.00024094420830930626,0.0
aligned,146,Paired,2026092975,True,0.2366194598152289,True,0.17827128704506687,False,7.713649306525776e-05,0.7666666666666667
aligned,147,Anchor,2026092976,True,0.3579358710009621,True,0.268349215840534,False,0.0006664372092003103,0.0
aligned,147,Paired,2026092976,True,0.2572386102849518,True,0.19215842410582576,False,0.0008904146360787203,0.7666666666666667
aligned,148,Anchor,2026092977,True,0.33248789909829174,True,0.24623843060792067,False,0.0014466494839465592,0.0
aligned,148,Paired,2026092977,True,0.265327664284421,True,0.20349518699886576,False,0.0010716120602830728,0.6000000000000001
aligned,149,Anchor,2026092978,True,0.35825602548821855,True,0.297424601836104,False,0.001311419187995496,0.0
aligned,149,Paired,2026092978,True,0.2632570845461338,True,0.21381999708597169,False,0.0006811500991875014,0.7000000000000001
aligned,150,Anchor,2026092979,True,0.33937222586171917,True,0.25859459450093736,False,0.0008546233306041354,0.0
aligned,150,Paired,2026092979,True,0.2484133171505654,True,0.2026105219086714,False,0.0005300729741916439,0.7000000000000001
aligned,151,Anchor,2026092980,True,0.31936694182203823,True,0.22714710053373116,False,0.0019037053304291605,0.0
aligned,151,Paired,2026092980,True,0.24213734065055909,True,0.18717732979699,False,0.0004410188653244809,0.6333333333333334
aligned,152,Anchor,2026092981,True,0.35531701673286964,True,0.2750771962592765,False,0.0009951077732673716,0.0
aligned,152,Paired,2026092981,True,0.27058527177635294,True,0.19393183227844107,False,0.0006821933219783637,0.6666666666666669
aligned,153,Anchor,2026092982,True,0.36624266594090293,True,0.30829429316882034,False,0.00113445626666429,0.0
aligned,153,Paired,2026092982,True,0.27552791204947225,True,0.22900377163515392,False,0.0004497434938726012,0.7000000000000002
aligned,154,Anchor,2026092983,True,0.3697656958560986,True,0.26073433573911525,False,0.0005439250693100917,0.0
aligned,154,Paired,2026092983,True,0.2599443762461614,True,0.19996775085070678,False,0.00021779641650543878,0.7666666666666666
aligned,155,Anchor,2026092984,True,0.34907994723541413,True,0.28146303398428013,False,0.0009318223256505755,0.0
aligned,155,Paired,2026092984,True,0.27381957575152144,True,0.22679803711612584,False,0.0006616485965292955,0.6000000000000001
aligned,156,Anchor,2026092985,True,0.35902413857598703,True,0.2684682373959503,False,0.000627619849090501,0.0
aligned,156,Paired,2026092985,True,0.28239591711200535,True,0.20668344854851345,False,0.00011428984856062452,0.6000000000000001
aligned,157,Anchor,2026092986,True,0.35396895495092773,True,0.23743716852365648,False,0.0017394441622777556,0.0
aligned,157,Paired,2026092986,True,0.2643963618931037,True,0.216944247053442,False,0.0006804033977508298,0.6666666666666669
aligned,158,Anchor,2026092987,True,0.337053859479305,True,0.24047400536995142,False,0.0005324653032604845,0.0
aligned,158,Paired,2026092987,True,0.2622467125970415,True,0.20720531831593988,False,0.0006125808069577984,0.6333333333333334
aligned,159,Anchor,2026092988,True,0.36145654969107327,True,0.2824489508627083,False,0.00029664202638679906,0.0
aligned,159,Paired,2026092988,True,0.27649100106559005,True,0.2056863259949011,False,0.0004119388997305666,0.6666666666666666
aligned,160,Anchor,2026092989,True,0.3505227691263948,True,0.26141318201811875,False,0.0018051523130559186,0.0
aligned,160,Paired,2026092989,True,0.27837534163376604,True,0.20877507843777404,False,0.0006505861081501742,0.6000000000000001
aligned,161,Anchor,2026092990,True,0.3291677592788633,True,0.27212711075226226,False,0.0008573976739732818,0.0
aligned,161,Paired,2026092990,True,0.24523149094149246,True,0.19431421068955204,False,0.0005416840734528801,0.6666666666666669
aligned,162,Anchor,2026092991,True,0.3540466133678577,True,0.29124642949553864,False,0.000802912112657179,0.0
aligned,162,Paired,2026092991,True,0.26539170119919453,True,0.2174054613485343,False,0.0007275340309186473,0.6666666666666666
aligned,163,Anchor,2026092992,True,0.3356052587858755,True,0.290104598090105,False,0.0016984050237319145,0.0
aligned,163,Paired,2026092992,True,0.2700625525879465,True,0.22135545587220165,False,0.0006309094118636879,0.6000000000000001
aligned,164,Anchor,2026092993,True,0.3644100368793084,True,0.31605699850058844,False,0.00019132201000715158,0.0
aligned,164,Paired,2026092993,True,0.2598555228570923,True,0.20507028065559968,False,8.22793247715502e-05,0.7666666666666667
aligned,165,Anchor,2026092994,True,0.32622918870976675,True,0.23865231071081536,False,0.00015758905678628168,0.0
aligned,165,Paired,2026092994,True,0.24917327187343968,True,0.18629612595935469,False,0.0001395951645426573,0.6333333333333334
aligned,166,Anchor,2026092995,True,0.34640686362778256,True,0.24940138524895872,False,0.0005342485175469519,0.0
aligned,166,Paired,2026092995,True,0.2562706608031625,True,0.1772895389274871,False,0.00020495045217284273,0.6666666666666666
aligned,167,Anchor,2026092996,True,0.34313355334042084,True,0.24227919475455323,False,0.0004917942009398053,0.0
aligned,167,Paired,2026092996,True,0.25822860534833,True,0.198297328939483,False,0.0002745412049264381,0.6666666666666666
aligned,168,Anchor,2026092997,True,0.33249680049310193,True,0.26589988981573,False,0.0007405659590344553,0.0
aligned,168,Paired,2026092997,True,0.25806842670251706,True,0.20481250562606107,False,0.0008578769641069073,0.6333333333333334
aligned,169,Anchor,2026092998,True,0.34231412181939724,True,0.2569232250297534,False,0.0019636118231736144,0.0
aligned,169,Paired,2026092998,True,0.2493968256092894,True,0.18588206029939267,False,0.0005107815564490348,0.7333333333333334
aligned,170,Anchor,2026092999,True,0.35385751914600394,True,0.2482133617004477,False,0.0006739411076494647,0.0
aligned,170,Paired,2026092999,True,0.2953907207767873,True,0.22483916497087889,False,0.0007316530111791483,0.5333333333333333
aligned,171,Anchor,2026093000,True,0.3709134407580606,True,0.2437628966629066,False,0.0013495972919692445,0.0
aligned,171,Paired,2026093000,True,0.29079783153314626,True,0.18129327903152892,False,0.0005114577101003609,0.6333333333333334
aligned,172,Anchor,2026093001,True,0.36760327497131495,True,0.267952302889126,False,0.00033556943469287336,0.0
aligned,172,Paired,2026093001,True,0.2686736743468768,True,0.1872917225001506,False,0.00041260941929481554,0.7000000000000001
aligned,173,Anchor,2026093002,True,0.3682804171907762,True,0.28728884763527507,False,0.0006028119774539398,0.0
aligned,173,Paired,2026093002,True,0.26524645983703765,True,0.20985091098941114,False,0.0005721875243355707,0.7000000000000002
aligned,174,Anchor,2026093003,True,0.35985648078880655,True,0.29208584519301745,False,0.0020742311079575146,0.0
aligned,174,Paired,2026093003,True,0.26150758504588706,True,0.20981483897605754,False,0.0005284087342094651,0.7000000000000001
aligned,175,Anchor,2026093004,True,0.36969558480621156,True,0.2725479032842446,False,0.0007065055885839978,0.0
aligned,175,Paired,2026093004,True,0.2689634377707864,True,0.2046587897855978,False,0.00018800349369673094,0.7000000000000001
aligned,176,Anchor,2026093005,True,0.35731814895759506,True,0.261202122717148,False,0.0009417736556425408,0.0
aligned,176,Paired,2026093005,True,0.2748179819884709,True,0.19534414198023495,False,0.000689645273560184,0.6333333333333334
aligned,177,Anchor,2026093006,True,0.33927920456012456,True,0.25852690085047153,False,0.0005925477151470261,0.0
aligned,177,Paired,2026093006,True,0.2742563930373288,True,0.19489204004995875,False,0.00047371592299697544,0.5666666666666668
aligned,178,Anchor,2026093007,True,0.3682382316642476,True,0.2531255575047577,False,0.0013575958998696192,0.0
aligned,178,Paired,2026093007,True,0.24264753134782668,True,0.19544967157011342,False,0.0008100723679113442,0.8000000000000002
aligned,179,Anchor,2026093008,True,0.3159636817914024,True,0.18941770297597568,False,0.0006957160709063122,0.0
aligned,179,Paired,2026093008,True,0.22261988057061569,True,0.1553458197242442,False,0.00035782375406308395,0.7000000000000001
aligned,180,Anchor,2026093009,True,0.35593904130666765,True,0.23555995487721834,False,0.00015403645702969165,0.0
aligned,180,Paired,2026093009,True,0.2575169717993219,True,0.2033105593304192,False,0.00026422469604277384,0.7000000000000002
aligned,181,Anchor,2026093010,True,0.37568867637420755,True,0.26761506442217714,False,0.0015496681704095115,0.0
aligned,181,Paired,2026093010,True,0.2867756959462439,True,0.2022429401146473,False,0.0012669331208765987,0.6666666666666666
aligned,182,Anchor,2026093011,True,0.3699851359482667,True,0.24694639204484922,False,0.00037749238785893176,0.0
aligned,182,Paired,2026093011,True,0.2706220545974638,True,0.21193832991788103,False,0.00014813256128318148,0.7000000000000001
aligned,183,Anchor,2026093012,True,0.3780144069428228,True,0.295801212034602,False,0.0009270567755264629,0.0
aligned,183,Paired,2026093012,True,0.2790565205525871,True,0.20859811293896188,False,0.0004723697747556573,0.7000000000000001
aligned,184,Anchor,2026093013,True,0.3484454431317596,True,0.20695086702598461,False,0.0010734370600175497,0.0
aligned,184,Paired,2026093013,True,0.26385394165485737,True,0.17119468095811124,False,0.0005614421191768296,0.7000000000000001
aligned,185,Anchor,2026093014,True,0.3653886409925778,True,0.2702692211790785,False,0.0027508043034600244,0.0
aligned,185,Paired,2026093014,True,0.29223319857549973,True,0.22544879772143028,False,0.0013543716714228687,0.6
aligned,186,Anchor,2026093015,True,0.3538433266498859,True,0.20247033764134922,False,0.0010340918173136428,0.0
aligned,186,Paired,2026093015,True,0.25657376332221943,True,0.16264480494753625,False,0.0008498546877651608,0.7333333333333334
aligned,187,Anchor,2026093016,True,0.3426686439797092,True,0.27183955903651463,False,0.0006569850079837443,0.0
aligned,187,Paired,2026093016,True,0.2550956563270255,True,0.18427221764149018,False,0.0002677925769018508,0.7000000000000002
aligned,188,Anchor,2026093017,True,0.3478822090210914,True,0.2758853187656979,False,0.0011894146903183528,0.0
aligned,188,Paired,2026093017,True,0.27246454059445524,True,0.20296230335400914,False,0.0007175558134487533,0.6333333333333334
aligned,189,Anchor,2026093018,True,0.36208425524480653,True,0.30613832658284973,False,0.00022395284784722185,0.0
aligned,189,Paired,2026093018,True,0.2565890805148467,True,0.19708611998724526,False,0.00019595872963904635,0.7333333333333334
aligned,190,Anchor,2026093019,True,0.3592492169110132,True,0.2519429601485756,False,0.0008464273852339735,0.0
aligned,190,Paired,2026093019,True,0.25121724953547053,True,0.17198253755568263,False,0.00038143472228657934,0.7666666666666666
aligned,191,Anchor,2026093020,True,0.3573061300691845,True,0.2746029724540256,False,0.0002880677601607628,0.0
aligned,191,Paired,2026093020,True,0.2578708944704341,True,0.18523454817289756,False,0.00034631904714590213,0.7666666666666666
aligned,192,Anchor,2026093021,True,0.33521117307092857,True,0.20018172658557626,False,0.0006088800864581959,0.0
aligned,192,Paired,2026093021,True,0.2761966929472027,True,0.1787118172407027,False,0.00039906006638397825,0.5333333333333334
aligned,193,Anchor,2026093022,True,0.3667894658353523,True,0.27904584461099285,False,0.002552586028609871,0.0
aligned,193,Paired,2026093022,True,0.26698631929772504,True,0.19580591561841534,False,0.001232665879070654,0.7333333333333334
aligned,194,Anchor,2026093023,True,0.38176545083450675,True,0.28387384688019346,False,0.0004500300235953956,0.0
aligned,194,Paired,2026093023,True,0.28973585106870164,True,0.19946858725095534,False,0.0002920963406482147,0.6666666666666669
aligned,195,Anchor,2026093024,True,0.36209327696510163,True,0.28206906232304885,False,0.0032862709545728474,0.0
aligned,195,Paired,2026093024,True,0.25131066029740917,True,0.17911392834565668,False,0.0012921301851415053,0.7666666666666666
aligned,196,Anchor,2026093025,True,0.3485686194461266,True,0.22863041969628453,False,0.0021848422656885833,0.0
aligned,196,Paired,2026093025,True,0.26395174280101985,True,0.1789023230121861,False,0.0006922820425926485,0.6666666666666669
aligned,197,Anchor,2026093026,True,0.3875585568511846,True,0.2223203850463391,False,0.0009209969319650825,0.0
aligned,197,Paired,2026093026,True,0.30105972503838124,True,0.20264546614994994,False,0.0003033007464329261,0.6333333333333334
aligned,198,Anchor,2026093027,True,0.34834891635627485,True,0.2593304644687073,False,0.00019832598196484145,0.0
aligned,198,Paired,2026093027,True,0.2704336916213664,True,0.20854294026711934,False,0.0002357123554006438,0.6000000000000001
aligned,199,Anchor,2026093028,True,0.34547926262386763,True,0.23802917562533651,False,0.001767494049467806,0.0
aligned,199,Paired,2026093028,True,0.24969130707279708,True,0.17949879221045295,False,0.000476413136585909,0.7333333333333334
reversal,0,Anchor,2026192829,True,0.3812533527336166,True,0.24762119189538587,False,0.004906910858986711,0.0
reversal,0,Paired,2026192829,True,0.3812533527336166,True,0.24762119189538587,False,0.004906910858986711,0.0
reversal,1,Anchor,2026192830,True,0.32469563387530054,True,0.2717207161844305,False,0.00032358724695461585,0.0
reversal,1,Paired,2026192830,True,0.32469563387530054,True,0.2717207161844305,False,0.00032358724695461585,0.0
reversal,2,Anchor,2026192831,True,0.350477038105931,True,0.27586299838616585,False,0.0013225479960235445,0.0
reversal,2,Paired,2026192831,True,0.350477038105931,True,0.27586299838616585,False,0.0013225479960235445,0.0
reversal,3,Anchor,2026192832,True,0.35923989614886087,True,0.23029632997074834,False,0.0011450101742790217,0.0
reversal,3,Paired,2026192832,True,0.35923989614886087,True,0.23029632997074834,False,0.0011450101742790217,0.0
reversal,4,Anchor,2026192833,True,0.3592065272448185,True,0.24569694716287174,False,0.0006587646590065437,0.0
reversal,4,Paired,2026192833,True,0.3592065272448185,True,0.24569694716287174,False,0.0006587646590065437,0.0
reversal,5,Anchor,2026192834,True,0.3199067435526789,True,0.2644719926388167,False,0.0002829217185356959,0.0
reversal,5,Paired,2026192834,True,0.3199067435526789,True,0.2644719926388167,False,0.0002829217185356959,0.0
reversal,6,Anchor,2026192835,True,0.3459051054491869,True,0.28678128670232933,False,0.0006870355539233235,0.0
reversal,6,Paired,2026192835,True,0.3459051054491869,True,0.28678128670232933,False,0.0006870355539233235,0.0
reversal,7,Anchor,2026192836,True,0.34135290308912497,True,0.215981293850314,False,0.0011905444663516253,0.0
reversal,7,Paired,2026192836,True,0.34135290308912497,True,0.215981293850314,False,0.0011905444663516253,0.0
reversal,8,Anchor,2026192837,True,0.3512093603236819,True,0.20865993591373888,False,0.0005391238350560671,0.0
reversal,8,Paired,2026192837,True,0.3512093603236819,True,0.20865993591373888,False,0.0005391238350560671,0.0
reversal,9,Anchor,2026192838,True,0.31407010281585823,True,0.2433014873047503,False,0.0018015264093812443,0.0
reversal,9,Paired,2026192838,True,0.31407010281585823,True,0.2433014873047503,False,0.0018015264093812443,0.0
reversal,10,Anchor,2026192839,True,0.35256542007136593,True,0.23893730609686292,False,0.0006446980497014866,0.0
reversal,10,Paired,2026192839,True,0.35256542007136593,True,0.23893730609686292,False,0.0006446980497014866,0.0
reversal,11,Anchor,2026192840,True,0.3753432623971749,True,0.2749172599242362,False,0.0014226962842978329,0.0
reversal,11,Paired,2026192840,True,0.3753432623971749,True,0.2749172599242362,False,0.0014226962842978329,0.0
reversal,12,Anchor,2026192841,True,0.3397971714435643,True,0.2647824865548515,False,0.0010489910586537466,0.0
reversal,12,Paired,2026192841,True,0.3397971714435643,True,0.2647824865548515,False,0.0010489910586537466,0.0
reversal,13,Anchor,2026192842,True,0.3533499661422456,True,0.3031022927281156,False,0.0005777077643442938,0.0
reversal,13,Paired,2026192842,True,0.3533499661422456,True,0.3031022927281156,False,0.0005777077643442938,0.0
reversal,14,Anchor,2026192843,True,0.38140152622283413,True,0.3014145928419704,False,0.00040654290667707893,0.0
reversal,14,Paired,2026192843,True,0.38140152622283413,True,0.3014145928419704,False,0.00040654290667707893,0.0
reversal,15,Anchor,2026192844,True,0.3613602021386494,True,0.2495220496002394,False,0.0004263371066387139,0.0
reversal,15,Paired,2026192844,True,0.3613602021386494,True,0.2495220496002394,False,0.0004263371066387139,0.0
reversal,16,Anchor,2026192845,True,0.35829304880793694,True,0.2436092280027627,False,0.0004353836150097285,0.0
reversal,16,Paired,2026192845,True,0.35829304880793694,True,0.2436092280027627,False,0.0004353836150097285,0.0
reversal,17,Anchor,2026192846,True,0.3295512204470877,True,0.24730180056657938,False,0.002838889780181091,0.0
reversal,17,Paired,2026192846,True,0.3295512204470877,True,0.24730180056657938,False,0.002838889780181091,0.0
reversal,18,Anchor,2026192847,True,0.37715393143674625,True,0.32762694067034664,False,0.00164117478559227,0.0
reversal,18,Paired,2026192847,True,0.37715393143674625,True,0.32762694067034664,False,0.00164117478559227,0.0
reversal,19,Anchor,2026192848,True,0.35181136612093283,True,0.28147514448990424,False,0.00034250168971505345,0.0
reversal,19,Paired,2026192848,True,0.35181136612093283,True,0.28147514448990424,False,0.00034250168971505345,0.0
reversal,20,Anchor,2026192849,True,0.3506322029792406,True,0.2697834344160132,False,0.000308276924773495,0.0
reversal,20,Paired,2026192849,True,0.3506322029792406,True,0.2697834344160132,False,0.000308276924773495,0.0
reversal,21,Anchor,2026192850,True,0.3276426071059667,True,0.23290397189088097,False,0.0018941439992982785,0.0
reversal,21,Paired,2026192850,True,0.3276426071059667,True,0.23290397189088097,False,0.0018941439992982785,0.0
reversal,22,Anchor,2026192851,True,0.328887915597265,True,0.266012342465129,False,0.0006325547624374965,0.0
reversal,22,Paired,2026192851,True,0.328887915597265,True,0.266012342465129,False,0.0006325547624374965,0.0
reversal,23,Anchor,2026192852,True,0.3616251654551575,True,0.2896160599552216,False,0.0011585638316760816,0.0
reversal,23,Paired,2026192852,True,0.3616251654551575,True,0.2896160599552216,False,0.0011585638316760816,0.0
reversal,24,Anchor,2026192853,True,0.340596809752856,True,0.2825066669920018,False,0.0025579641396391638,0.0
reversal,24,Paired,2026192853,True,0.340596809752856,True,0.2825066669920018,False,0.0025579641396391638,0.0
reversal,25,Anchor,2026192854,True,0.35263136376428744,True,0.2614172111587325,False,7.853788016272597e-05,0.0
reversal,25,Paired,2026192854,True,0.35263136376428744,True,0.2614172111587325,False,7.853788016272597e-05,0.0
reversal,26,Anchor,2026192855,True,0.3577296602059087,True,0.2759659816899233,False,0.003634335605443579,0.0
reversal,26,Paired,2026192855,True,0.3577296602059087,True,0.2759659816899233,False,0.003634335605443579,0.0
reversal,27,Anchor,2026192856,True,0.35282885448292134,True,0.24078343648487593,False,0.0015395044619860747,0.0
reversal,27,Paired,2026192856,True,0.35282885448292134,True,0.24078343648487593,False,0.0015395044619860747,0.0
reversal,28,Anchor,2026192857,True,0.323544143849427,True,0.21636561242008576,False,0.0009150345655811633,0.0
reversal,28,Paired,2026192857,True,0.323544143849427,True,0.21636561242008576,False,0.0009150345655811633,0.0
reversal,29,Anchor,2026192858,True,0.3606400543794729,True,0.23861269036106922,False,0.0007895413136436313,0.0
reversal,29,Paired,2026192858,True,0.3606400543794729,True,0.23861269036106922,False,0.0007895413136436313,0.0
reversal,30,Anchor,2026192859,True,0.36219515978107786,True,0.1966027028212769,False,0.0009555708148102875,0.0
reversal,30,Paired,2026192859,True,0.36219515978107786,True,0.1966027028212769,False,0.0009555708148102875,0.0
reversal,31,Anchor,2026192860,True,0.336311917893072,True,0.21747684712702883,False,0.0005161999640848312,0.0
reversal,31,Paired,2026192860,True,0.336311917893072,True,0.21747684712702883,False,0.0005161999640848312,0.0
reversal,32,Anchor,2026192861,True,0.3469859448631131,True,0.26569189931516923,False,0.0013112072803135358,0.0
reversal,32,Paired,2026192861,True,0.3469859448631131,True,0.26569189931516923,False,0.0013112072803135358,0.0
reversal,33,Anchor,2026192862,True,0.34439323708685216,True,0.2778479242443992,False,0.0007598932533893573,0.0
reversal,33,Paired,2026192862,True,0.34439323708685216,True,0.2778479242443992,False,0.0007598932533893573,0.0
reversal,34,Anchor,2026192863,True,0.3584945091593932,True,0.26480155991029447,False,0.00025844605712327325,0.0
reversal,34,Paired,2026192863,True,0.3584945091593932,True,0.26480155991029447,False,0.00025844605712327325,0.0
reversal,35,Anchor,2026192864,True,0.36668452502052995,True,0.2902132498593189,False,0.0006525331717395345,0.0
reversal,35,Paired,2026192864,True,0.36668452502052995,True,0.2902132498593189,False,0.0006525331717395345,0.0
reversal,36,Anchor,2026192865,True,0.3418296709407441,True,0.2653512137086328,False,0.0006998620517790516,0.0
reversal,36,Paired,2026192865,True,0.3418296709407441,True,0.2653512137086328,False,0.0006998620517790516,0.0
reversal,37,Anchor,2026192866,True,0.33739749105932304,True,0.2767565555601205,False,0.0010109666316931935,0.0
reversal,37,Paired,2026192866,True,0.33739749105932304,True,0.2767565555601205,False,0.0010109666316931935,0.0
reversal,38,Anchor,2026192867,True,0.3618796367682333,True,0.2657102371577889,False,0.0028580551790688418,0.0
reversal,38,Paired,2026192867,True,0.3618796367682333,True,0.2657102371577889,False,0.0028580551790688418,0.0
reversal,39,Anchor,2026192868,True,0.37602217111068537,True,0.30055191713804097,False,0.0014202013356160524,0.0
reversal,39,Paired,2026192868,True,0.37602217111068537,True,0.30055191713804097,False,0.0014202013356160524,0.0
reversal,40,Anchor,2026192869,True,0.3359404223453719,True,0.2779148952060686,False,0.0003938188380002024,0.0
reversal,40,Paired,2026192869,True,0.3359404223453719,True,0.2779148952060686,False,0.0003938188380002024,0.0
reversal,41,Anchor,2026192870,True,0.3433428261779329,True,0.2804240155259598,False,0.0017823811695881746,0.0
reversal,41,Paired,2026192870,True,0.3433428261779329,True,0.2804240155259598,False,0.0017823811695881746,0.0
reversal,42,Anchor,2026192871,True,0.3326603067154573,True,0.2692964873736982,False,0.00012637458346439733,0.0
reversal,42,Paired,2026192871,True,0.3326603067154573,True,0.2692964873736982,False,0.00012637458346439733,0.0
reversal,43,Anchor,2026192872,True,0.32074385905191144,True,0.26558277622309123,False,0.0010017383407067146,0.0
reversal,43,Paired,2026192872,True,0.32074385905191144,True,0.26558277622309123,False,0.0010017383407067146,0.0
reversal,44,Anchor,2026192873,True,0.3653842524532144,False,0.2150917910013958,False,0.004327441758442301,0.0
reversal,44,Paired,2026192873,True,0.3653842524532144,False,0.2150917910013958,False,0.004327441758442301,0.0
reversal,45,Anchor,2026192874,True,0.3625747482231807,True,0.2559103720111414,False,0.002149768977641803,0.0
reversal,45,Paired,2026192874,True,0.3625747482231807,True,0.2559103720111414,False,0.002149768977641803,0.0
reversal,46,Anchor,2026192875,True,0.3274777640850096,True,0.2098699393622545,False,0.000449011772899628,0.0
reversal,46,Paired,2026192875,True,0.3274777640850096,True,0.2098699393622545,False,0.000449011772899628,0.0
reversal,47,Anchor,2026192876,True,0.35845573438731193,True,0.2880729087950232,False,0.0004238164166870729,0.0
reversal,47,Paired,2026192876,True,0.35845573438731193,True,0.2880729087950232,False,0.0004238164166870729,0.0
reversal,48,Anchor,2026192877,True,0.35166083155638816,True,0.20197290287473035,False,0.0009276896184677629,0.0
reversal,48,Paired,2026192877,True,0.35166083155638816,True,0.20197290287473035,False,0.0009276896184677629,0.0
reversal,49,Anchor,2026192878,True,0.3332478621800301,True,0.22488763841299297,False,0.0003846250326451509,0.0
reversal,49,Paired,2026192878,True,0.3332478621800301,True,0.22488763841299297,False,0.0003846250326451509,0.0
reversal,50,Anchor,2026192879,True,0.32742569177067754,True,0.2709843808486766,False,0.000464061070774425,0.0
reversal,50,Paired,2026192879,True,0.32742569177067754,True,0.2709843808486766,False,0.000464061070774425,0.0
reversal,51,Anchor,2026192880,True,0.3589613630669243,True,0.26941536100522684,False,0.0009777703422317176,0.0
reversal,51,Paired,2026192880,True,0.3589613630669243,True,0.26941536100522684,False,0.0009777703422317176,0.0
reversal,52,Anchor,2026192881,True,0.34208225197016734,True,0.2705490747838799,False,0.0016744285538622505,0.0
reversal,52,Paired,2026192881,True,0.34208225197016734,True,0.2705490747838799,False,0.0016744285538622505,0.0
reversal,53,Anchor,2026192882,True,0.35571195621693114,True,0.2678911303003548,False,0.001171412350503199,0.0
reversal,53,Paired,2026192882,True,0.35571195621693114,True,0.2678911303003548,False,0.001171412350503199,0.0
reversal,54,Anchor,2026192883,True,0.3434317156495532,True,0.2691295117584417,False,0.0011406235496377373,0.0
reversal,54,Paired,2026192883,True,0.3434317156495532,True,0.2691295117584417,False,0.0011406235496377373,0.0
reversal,55,Anchor,2026192884,True,0.345742314263823,True,0.2619310371032921,False,0.00035577395798898093,0.0
reversal,55,Paired,2026192884,True,0.345742314263823,True,0.2619310371032921,False,0.00035577395798898093,0.0
reversal,56,Anchor,2026192885,True,0.32151886329435614,True,0.23004570703931596,False,0.0003175914575135635,0.0
reversal,56,Paired,2026192885,True,0.32151886329435614,True,0.23004570703931596,False,0.0003175914575135635,0.0
reversal,57,Anchor,2026192886,True,0.3453075686809898,True,0.24322393799936823,False,0.0027278109071419048,0.0
reversal,57,Paired,2026192886,True,0.3453075686809898,True,0.24322393799936823,False,0.0027278109071419048,0.0
reversal,58,Anchor,2026192887,True,0.34059717307869475,True,0.2559832457705505,False,0.0036661122435937797,0.0
reversal,58,Paired,2026192887,True,0.34059717307869475,True,0.2559832457705505,False,0.0036661122435937797,0.0
reversal,59,Anchor,2026192888,True,0.3772801027928132,True,0.2362617396194643,False,0.0003341391060899211,0.0
reversal,59,Paired,2026192888,True,0.3772801027928132,True,0.2362617396194643,False,0.0003341391060899211,0.0
reversal,60,Anchor,2026192889,True,0.34370842024099535,True,0.27846305336173016,False,0.0010534180333488267,0.0
reversal,60,Paired,2026192889,True,0.34370842024099535,True,0.27846305336173016,False,0.0010534180333488267,0.0
reversal,61,Anchor,2026192890,True,0.36067731064281955,True,0.2301048975780327,False,0.0012924107532761068,0.0
reversal,61,Paired,2026192890,True,0.36067731064281955,True,0.2301048975780327,False,0.0012924107532761068,0.0
reversal,62,Anchor,2026192891,True,0.35458592050168497,True,0.2685260492163252,False,0.0007431648563543964,0.0
reversal,62,Paired,2026192891,True,0.35458592050168497,True,0.2685260492163252,False,0.0007431648563543964,0.0
reversal,63,Anchor,2026192892,True,0.35122108181585693,True,0.2727977892283896,False,0.0009996539029440356,0.0
reversal,63,Paired,2026192892,True,0.35122108181585693,True,0.2727977892283896,False,0.0009996539029440356,0.0
reversal,64,Anchor,2026192893,True,0.3309491501119637,False,0.14819201909882057,False,0.0010146699552119492,0.0
reversal,64,Paired,2026192893,True,0.3309491501119637,False,0.14819201909882057,False,0.0010146699552119492,0.0
reversal,65,Anchor,2026192894,True,0.351895678696013,True,0.28684535357877766,False,0.0021326733713406773,0.0
reversal,65,Paired,2026192894,True,0.351895678696013,True,0.28684535357877766,False,0.0021326733713406773,0.0
reversal,66,Anchor,2026192895,True,0.34537249335525744,True,0.2645986004274996,False,0.0008689066324819627,0.0
reversal,66,Paired,2026192895,True,0.34537249335525744,True,0.2645986004274996,False,0.0008689066324819627,0.0
reversal,67,Anchor,2026192896,True,0.336454061753146,True,0.23268220840381182,False,0.0013350935595805035,0.0
reversal,67,Paired,2026192896,True,0.336454061753146,True,0.23268220840381182,False,0.0013350935595805035,0.0
reversal,68,Anchor,2026192897,True,0.3412778770318206,True,0.2554448919321457,False,0.00041462663588874365,0.0
reversal,68,Paired,2026192897,True,0.3412778770318206,True,0.2554448919321457,False,0.00041462663588874365,0.0
reversal,69,Anchor,2026192898,True,0.34104612194083306,True,0.22874374688185536,False,0.00026249412529201445,0.0
reversal,69,Paired,2026192898,True,0.34104612194083306,True,0.22874374688185536,False,0.00026249412529201445,0.0
reversal,70,Anchor,2026192899,True,0.3569182268578449,True,0.30015279724376065,False,0.0009436774285979674,0.0
reversal,70,Paired,2026192899,True,0.3569182268578449,True,0.30015279724376065,False,0.0009436774285979674,0.0
reversal,71,Anchor,2026192900,True,0.3525247138609853,True,0.23252516097931503,False,0.0004632178901499534,0.0
reversal,71,Paired,2026192900,True,0.3525247138609853,True,0.23252516097931503,False,0.0004632178901499534,0.0
reversal,72,Anchor,2026192901,True,0.36115439387209053,True,0.27844885679128245,False,0.0005217061411860078,0.0
reversal,72,Paired,2026192901,True,0.36115439387209053,True,0.27844885679128245,False,0.0005217061411860078,0.0
reversal,73,Anchor,2026192902,True,0.34134802831793276,True,0.21966958084426227,False,0.0009727453409957047,0.0
reversal,73,Paired,2026192902,True,0.34134802831793276,True,0.21966958084426227,False,0.0009727453409957047,0.0
reversal,74,Anchor,2026192903,True,0.368972497062693,True,0.2763020368417319,False,0.0019805462702709906,0.0
reversal,74,Paired,2026192903,True,0.368972497062693,True,0.2763020368417319,False,0.0019805462702709906,0.0
reversal,75,Anchor,2026192904,True,0.3434263005526975,True,0.27463920959601823,False,0.0007117332646008154,0.0
reversal,75,Paired,2026192904,True,0.3434263005526975,True,0.27463920959601823,False,0.0007117332646008154,0.0
reversal,76,Anchor,2026192905,True,0.3613644521331416,True,0.2971393746655446,False,0.0005519410495285795,0.0
reversal,76,Paired,2026192905,True,0.3613644521331416,True,0.2971393746655446,False,0.0005519410495285795,0.0
reversal,77,Anchor,2026192906,True,0.34705326685324905,True,0.22775059953659213,False,0.00017416172382425462,0.0
reversal,77,Paired,2026192906,True,0.34705326685324905,True,0.22775059953659213,False,0.00017416172382425462,0.0
reversal,78,Anchor,2026192907,True,0.3677139974396826,True,0.28491164084967285,False,0.0008179885682671491,0.0
reversal,78,Paired,2026192907,True,0.3677139974396826,True,0.28491164084967285,False,0.0008179885682671491,0.0
reversal,79,Anchor,2026192908,True,0.3707911886500194,True,0.2878599910802136,False,0.0007986128714033539,0.0
reversal,79,Paired,2026192908,True,0.3707911886500194,True,0.2878599910802136,False,0.0007986128714033539,0.0
reversal,80,Anchor,2026192909,True,0.35516099138001006,False,0.23437505900478217,False,0.0006884449061374846,0.0
reversal,80,Paired,2026192909,True,0.35516099138001006,False,0.23437505900478217,False,0.0006884449061374846,0.0
reversal,81,Anchor,2026192910,True,0.3418603375789774,True,0.2433820927357411,False,0.0013558442892062812,0.0
reversal,81,Paired,2026192910,True,0.3418603375789774,True,0.2433820927357411,False,0.0013558442892062812,0.0
reversal,82,Anchor,2026192911,True,0.3567045594447305,True,0.25552760484805404,False,0.0012249178877266783,0.0
reversal,82,Paired,2026192911,True,0.3567045594447305,True,0.25552760484805404,False,0.0012249178877266783,0.0
reversal,83,Anchor,2026192912,True,0.33921759862967643,True,0.18403506715521686,False,0.0004437617334926372,0.0
reversal,83,Paired,2026192912,True,0.33921759862967643,True,0.18403506715521686,False,0.0004437617334926372,0.0
reversal,84,Anchor,2026192913,True,0.36363760753999647,True,0.261848196824141,False,0.001283324193158264,0.0
reversal,84,Paired,2026192913,True,0.36363760753999647,True,0.261848196824141,False,0.001283324193158264,0.0
reversal,85,Anchor,2026192914,True,0.3535980297924996,True,0.23228478158456753,False,0.0014069538882207455,0.0
reversal,85,Paired,2026192914,True,0.3535980297924996,True,0.23228478158456753,False,0.0014069538882207455,0.0
reversal,86,Anchor,2026192915,True,0.36726538270501397,True,0.214196777461237,False,0.0001938562079716998,0.0
reversal,86,Paired,2026192915,True,0.36726538270501397,True,0.214196777461237,False,0.0001938562079716998,0.0
reversal,87,Anchor,2026192916,True,0.3307821569925533,True,0.2632193116522924,False,0.000823951374156638,0.0
reversal,87,Paired,2026192916,True,0.3307821569925533,True,0.2632193116522924,False,0.000823951374156638,0.0
reversal,88,Anchor,2026192917,True,0.3686406189595077,True,0.3037355164188937,False,0.0009560699397395208,0.0
reversal,88,Paired,2026192917,True,0.3686406189595077,True,0.3037355164188937,False,0.0009560699397395208,0.0
reversal,89,Anchor,2026192918,True,0.34142720649465946,True,0.20737762750962782,False,0.0017276642017601956,0.0
reversal,89,Paired,2026192918,True,0.34142720649465946,True,0.20737762750962782,False,0.0017276642017601956,0.0
reversal,90,Anchor,2026192919,True,0.34850042877878845,False,0.20746656768288227,False,0.0019767559701640027,0.0
reversal,90,Paired,2026192919,True,0.34850042877878845,False,0.20746656768288227,False,0.0019767559701640027,0.0
reversal,91,Anchor,2026192920,True,0.37219191177322636,True,0.2860661859272235,False,0.00040149099965660517,0.0
reversal,91,Paired,2026192920,True,0.37219191177322636,True,0.2860661859272235,False,0.00040149099965660517,0.0
reversal,92,Anchor,2026192921,True,0.37151996335979176,True,0.3002806048865609,False,0.0005789742851518279,0.0
reversal,92,Paired,2026192921,True,0.37151996335979176,True,0.3002806048865609,False,0.0005789742851518279,0.0
reversal,93,Anchor,2026192922,True,0.33003693650160215,True,0.25429055159611413,False,0.0006343358027628085,0.0
reversal,93,Paired,2026192922,True,0.33003693650160215,True,0.25429055159611413,False,0.0006343358027628085,0.0
reversal,94,Anchor,2026192923,True,0.33954781729803873,True,0.23107175232777047,False,0.00078460437909682,0.0
reversal,94,Paired,2026192923,True,0.33954781729803873,True,0.23107175232777047,False,0.00078460437909682,0.0
reversal,95,Anchor,2026192924,True,0.3408608054399483,True,0.2425212399117414,False,0.0008600044266910004,0.0
reversal,95,Paired,2026192924,True,0.3408608054399483,True,0.2425212399117414,False,0.0008600044266910004,0.0
reversal,96,Anchor,2026192925,True,0.3493894948932317,True,0.2531612122165825,False,0.0018396976156021111,0.0
reversal,96,Paired,2026192925,True,0.3493894948932317,True,0.2531612122165825,False,0.0018396976156021111,0.0
reversal,97,Anchor,2026192926,True,0.3529798585863853,True,0.1931306972682095,False,0.00012240471059771118,0.0
reversal,97,Paired,2026192926,True,0.3529798585863853,True,0.1931306972682095,False,0.00012240471059771118,0.0
reversal,98,Anchor,2026192927,True,0.3460328919347506,True,0.2698499750253828,False,0.0005883408426462426,0.0
reversal,98,Paired,2026192927,True,0.3460328919347506,True,0.2698499750253828,False,0.0005883408426462426,0.0
reversal,99,Anchor,2026192928,True,0.3576165640093648,True,0.27816185568848756,False,0.00249207119512032,0.0
reversal,99,Paired,2026192928,True,0.3576165640093648,True,0.27816185568848756,False,0.00249207119512032,0.0
reversal,100,Anchor,2026192929,True,0.3613208071726322,True,0.23198004790796872,False,0.0005291292368399751,0.0
reversal,100,Paired,2026192929,True,0.3613208071726322,True,0.23198004790796872,False,0.0005291292368399751,0.0
reversal,101,Anchor,2026192930,True,0.3463501716298402,True,0.2500891382088601,False,0.0010945374288251488,0.0
reversal,101,Paired,2026192930,True,0.3463501716298402,True,0.2500891382088601,False,0.0010945374288251488,0.0
reversal,102,Anchor,2026192931,True,0.358003175643502,True,0.22752293594877068,False,0.0007251014221650811,0.0
reversal,102,Paired,2026192931,True,0.358003175643502,True,0.22752293594877068,False,0.0007251014221650811,0.0
reversal,103,Anchor,2026192932,True,0.35173840685792,True,0.28886897529147626,False,0.0008253335486946143,0.0
reversal,103,Paired,2026192932,True,0.35173840685792,True,0.28886897529147626,False,0.0008253335486946143,0.0
reversal,104,Anchor,2026192933,True,0.34457987165897563,True,0.1957622314840444,False,0.0009504550018430833,0.0
reversal,104,Paired,2026192933,True,0.34457987165897563,True,0.1957622314840444,False,0.0009504550018430833,0.0
reversal,105,Anchor,2026192934,True,0.36588266930174956,True,0.18278962199179155,False,0.0009563213927560275,0.0
reversal,105,Paired,2026192934,True,0.36588266930174956,True,0.18278962199179155,False,0.0009563213927560275,0.0
reversal,106,Anchor,2026192935,True,0.3527145727305211,True,0.21608901285154972,False,0.00032317022032492444,0.0
reversal,106,Paired,2026192935,True,0.3527145727305211,True,0.21608901285154972,False,0.00032317022032492444,0.0
reversal,107,Anchor,2026192936,True,0.38108344329788946,True,0.30014239679364046,False,0.00039543008771633067,0.0
reversal,107,Paired,2026192936,True,0.38108344329788946,True,0.30014239679364046,False,0.00039543008771633067,0.0
reversal,108,Anchor,2026192937,True,0.35219278234371976,True,0.27382897779632837,False,0.0037609122769296766,0.0
reversal,108,Paired,2026192937,True,0.35219278234371976,True,0.27382897779632837,False,0.0037609122769296766,0.0
reversal,109,Anchor,2026192938,True,0.35391667479891037,True,0.2738712759634715,False,0.0012795292319724377,0.0
reversal,109,Paired,2026192938,True,0.35391667479891037,True,0.2738712759634715,False,0.0012795292319724377,0.0
reversal,110,Anchor,2026192939,True,0.3187269138819255,True,0.22498397993392247,False,0.0004298236057554362,0.0
reversal,110,Paired,2026192939,True,0.3187269138819255,True,0.22498397993392247,False,0.0004298236057554362,0.0
reversal,111,Anchor,2026192940,True,0.37325157649987367,True,0.25452608819192796,False,0.0007706521195675593,0.0
reversal,111,Paired,2026192940,True,0.37325157649987367,True,0.25452608819192796,False,0.0007706521195675593,0.0
reversal,112,Anchor,2026192941,True,0.31490429904325484,True,0.24518734802193937,False,0.0008006527973856003,0.0
reversal,112,Paired,2026192941,True,0.31490429904325484,True,0.24518734802193937,False,0.0008006527973856003,0.0
reversal,113,Anchor,2026192942,True,0.3550250777682222,True,0.27374247189708056,False,0.00040892303662629076,0.0
reversal,113,Paired,2026192942,True,0.3550250777682222,True,0.27374247189708056,False,0.00040892303662629076,0.0
reversal,114,Anchor,2026192943,True,0.3333364270922412,True,0.2709331999404158,False,0.0018762869510692683,0.0
reversal,114,Paired,2026192943,True,0.3333364270922412,True,0.2709331999404158,False,0.0018762869510692683,0.0
reversal,115,Anchor,2026192944,True,0.32256250963983923,True,0.26105684348201436,False,0.0010951564621314491,0.0
reversal,115,Paired,2026192944,True,0.32256250963983923,True,0.26105684348201436,False,0.0010951564621314491,0.0
reversal,116,Anchor,2026192945,True,0.35761648359000303,True,0.26421867408420097,False,0.0006418335395575114,0.0
reversal,116,Paired,2026192945,True,0.35761648359000303,True,0.26421867408420097,False,0.0006418335395575114,0.0
reversal,117,Anchor,2026192946,True,0.365505089635764,True,0.2849532025856472,False,0.0005915046239376978,0.0
reversal,117,Paired,2026192946,True,0.365505089635764,True,0.2849532025856472,False,0.0005915046239376978,0.0
reversal,118,Anchor,2026192947,True,0.31043661108964127,True,0.24087939357433266,False,7.921363212520362e-05,0.0
reversal,118,Paired,2026192947,True,0.31043661108964127,True,0.24087939357433266,False,7.921363212520362e-05,0.0
reversal,119,Anchor,2026192948,True,0.3535538936455541,True,0.27347984802929487,False,0.001154651338856048,0.0
reversal,119,Paired,2026192948,True,0.3535538936455541,True,0.27347984802929487,False,0.001154651338856048,0.0
reversal,120,Anchor,2026192949,True,0.33523119548977537,True,0.23650933342931715,False,0.001399627161403721,0.0
reversal,120,Paired,2026192949,True,0.33523119548977537,True,0.23650933342931715,False,0.001399627161403721,0.0
reversal,121,Anchor,2026192950,True,0.3370945148935234,True,0.2665081490821234,False,0.00030962596143114667,0.0
reversal,121,Paired,2026192950,True,0.3370945148935234,True,0.2665081490821234,False,0.00030962596143114667,0.0
reversal,122,Anchor,2026192951,True,0.34916651923825814,True,0.2571766598411891,False,0.00021390766628953962,0.0
reversal,122,Paired,2026192951,True,0.34916651923825814,True,0.2571766598411891,False,0.00021390766628953962,0.0
reversal,123,Anchor,2026192952,True,0.36476461365077,True,0.3122780105744396,False,0.0007146314413862966,0.0
reversal,123,Paired,2026192952,True,0.36476461365077,True,0.3122780105744396,False,0.0007146314413862966,0.0
reversal,124,Anchor,2026192953,True,0.37214447171480225,False,0.16872276899528607,False,0.0010699323186408234,0.0
reversal,124,Paired,2026192953,True,0.37214447171480225,False,0.16872276899528607,False,0.0010699323186408234,0.0
reversal,125,Anchor,2026192954,True,0.36052577196436925,True,0.2796614503049016,False,0.0002936295629376687,0.0
reversal,125,Paired,2026192954,True,0.36052577196436925,True,0.2796614503049016,False,0.0002936295629376687,0.0
reversal,126,Anchor,2026192955,True,0.3534576778826066,True,0.2842506295291715,False,0.001980321288856714,0.0
reversal,126,Paired,2026192955,True,0.3534576778826066,True,0.2842506295291715,False,0.001980321288856714,0.0
reversal,127,Anchor,2026192956,True,0.33535372476343994,True,0.2005063793150728,False,0.000914833463863215,0.0
reversal,127,Paired,2026192956,True,0.33535372476343994,True,0.2005063793150728,False,0.000914833463863215,0.0
reversal,128,Anchor,2026192957,True,0.3743400198976391,True,0.23456070650276364,False,0.0012229569048330755,0.0
reversal,128,Paired,2026192957,True,0.3743400198976391,True,0.23456070650276364,False,0.0012229569048330755,0.0
reversal,129,Anchor,2026192958,True,0.33759199442502574,True,0.23966000032026663,False,0.0011055375654963329,0.0
reversal,129,Paired,2026192958,True,0.33759199442502574,True,0.23966000032026663,False,0.0011055375654963329,0.0
reversal,130,Anchor,2026192959,True,0.3364109839208687,True,0.24099429096104744,False,0.0002905363816367444,0.0
reversal,130,Paired,2026192959,True,0.3364109839208687,True,0.24099429096104744,False,0.0002905363816367444,0.0
reversal,131,Anchor,2026192960,True,0.34382770483395325,True,0.274328137100391,False,0.0010148410143198316,0.0
reversal,131,Paired,2026192960,True,0.34382770483395325,True,0.274328137100391,False,0.0010148410143198316,0.0
reversal,132,Anchor,2026192961,True,0.3200543456939498,True,0.24277896118935466,False,0.00042393972552771773,0.0
reversal,132,Paired,2026192961,True,0.3200543456939498,True,0.24277896118935466,False,0.00042393972552771773,0.0
reversal,133,Anchor,2026192962,True,0.3317558387086766,True,0.26050786050905084,False,0.0005665288788917622,0.0
reversal,133,Paired,2026192962,True,0.3317558387086766,True,0.26050786050905084,False,0.0005665288788917622,0.0
reversal,134,Anchor,2026192963,True,0.3581986017289773,True,0.22454829548873662,False,0.0006559940887503833,0.0
reversal,134,Paired,2026192963,True,0.3581986017289773,True,0.22454829548873662,False,0.0006559940887503833,0.0
reversal,135,Anchor,2026192964,True,0.3496245118640002,True,0.261325370660365,False,0.0014969008932374528,0.0
reversal,135,Paired,2026192964,True,0.3496245118640002,True,0.261325370660365,False,0.0014969008932374528,0.0
reversal,136,Anchor,2026192965,True,0.34624161059216574,True,0.26585949279648474,False,0.00040005470571100114,0.0
reversal,136,Paired,2026192965,True,0.34624161059216574,True,0.26585949279648474,False,0.00040005470571100114,0.0
reversal,137,Anchor,2026192966,True,0.34067056320183436,True,0.22421657958866534,False,0.0016920005558629053,0.0
reversal,137,Paired,2026192966,True,0.34067056320183436,True,0.22421657958866534,False,0.0016920005558629053,0.0
reversal,138,Anchor,2026192967,True,0.37051758963789244,True,0.28592701160195905,False,0.00017830754937643922,0.0
reversal,138,Paired,2026192967,True,0.37051758963789244,True,0.28592701160195905,False,0.00017830754937643922,0.0
reversal,139,Anchor,2026192968,True,0.36562779896901115,True,0.20004649866304483,False,0.0005261924379573417,0.0
reversal,139,Paired,2026192968,True,0.36562779896901115,True,0.20004649866304483,False,0.0005261924379573417,0.0
reversal,140,Anchor,2026192969,True,0.3596462647426039,True,0.290257133572716,False,0.0015334152563086772,0.0
reversal,140,Paired,2026192969,True,0.3596462647426039,True,0.290257133572716,False,0.0015334152563086772,0.0
reversal,141,Anchor,2026192970,True,0.32721190550956436,True,0.25971963081935584,False,0.00036356887127224287,0.0
reversal,141,Paired,2026192970,True,0.32721190550956436,True,0.25971963081935584,False,0.00036356887127224287,0.0
reversal,142,Anchor,2026192971,True,0.34845840773128145,True,0.25096735318060465,False,0.0005187879958706972,0.0
reversal,142,Paired,2026192971,True,0.34845840773128145,True,0.25096735318060465,False,0.0005187879958706972,0.0
reversal,143,Anchor,2026192972,True,0.3336787640387183,True,0.18634359009877116,False,0.0004455798682990179,0.0
reversal,143,Paired,2026192972,True,0.3336787640387183,True,0.18634359009877116,False,0.0004455798682990179,0.0
reversal,144,Anchor,2026192973,True,0.34591458963418475,True,0.24174122228261422,False,0.0002945163399763443,0.0
reversal,144,Paired,2026192973,True,0.34591458963418475,True,0.24174122228261422,False,0.0002945163399763443,0.0
reversal,145,Anchor,2026192974,True,0.37130739410592,True,0.2678873439143863,False,0.0017737760939028787,0.0
reversal,145,Paired,2026192974,True,0.37130739410592,True,0.2678873439143863,False,0.0017737760939028787,0.0
reversal,146,Anchor,2026192975,True,0.3499655993169632,True,0.25807275170233906,False,0.00076872695779844,0.0
reversal,146,Paired,2026192975,True,0.3499655993169632,True,0.25807275170233906,False,0.00076872695779844,0.0
reversal,147,Anchor,2026192976,True,0.3494808621511315,True,0.2287509543973701,False,0.0020991935596901493,0.0
reversal,147,Paired,2026192976,True,0.3494808621511315,True,0.2287509543973701,False,0.0020991935596901493,0.0
reversal,148,Anchor,2026192977,True,0.3572558370143012,True,0.27080748806047816,False,0.002776057794077735,0.0
reversal,148,Paired,2026192977,True,0.3572558370143012,True,0.27080748806047816,False,0.002776057794077735,0.0
reversal,149,Anchor,2026192978,True,0.3143588631109627,True,0.2607412191698756,False,0.0013340139419771985,0.0
reversal,149,Paired,2026192978,True,0.3143588631109627,True,0.2607412191698756,False,0.0013340139419771985,0.0
reversal,150,Anchor,2026192979,True,0.35220763320197224,True,0.17850013353400704,False,0.0004659530665189,0.0
reversal,150,Paired,2026192979,True,0.35220763320197224,True,0.17850013353400704,False,0.0004659530665189,0.0
reversal,151,Anchor,2026192980,True,0.39177759422477276,True,0.3160282847551884,False,0.0004833492440641786,0.0
reversal,151,Paired,2026192980,True,0.39177759422477276,True,0.3160282847551884,False,0.0004833492440641786,0.0
reversal,152,Anchor,2026192981,True,0.35077096416236614,True,0.2490452685014549,False,0.00249191233342669,0.0
reversal,152,Paired,2026192981,True,0.35077096416236614,True,0.2490452685014549,False,0.00249191233342669,0.0
reversal,153,Anchor,2026192982,True,0.3398892078740751,True,0.2737674711959223,False,0.0005110343362313048,0.0
reversal,153,Paired,2026192982,True,0.3398892078740751,True,0.2737674711959223,False,0.0005110343362313048,0.0
reversal,154,Anchor,2026192983,True,0.342668405498391,True,0.2726562133739786,False,0.001208505667392257,0.0
reversal,154,Paired,2026192983,True,0.342668405498391,True,0.2726562133739786,False,0.001208505667392257,0.0
reversal,155,Anchor,2026192984,True,0.323558150944137,True,0.2476752678221936,False,0.0010078067850897404,0.0
reversal,155,Paired,2026192984,True,0.323558150944137,True,0.2476752678221936,False,0.0010078067850897404,0.0
reversal,156,Anchor,2026192985,True,0.3261008373847697,True,0.22819086312134665,False,0.0051905576732786665,0.0
reversal,156,Paired,2026192985,True,0.3261008373847697,True,0.22819086312134665,False,0.0051905576732786665,0.0
reversal,157,Anchor,2026192986,True,0.3372441970906227,True,0.2399611673573385,False,0.000825667782534478,0.0
reversal,157,Paired,2026192986,True,0.3372441970906227,True,0.2399611673573385,False,0.000825667782534478,0.0
reversal,158,Anchor,2026192987,True,0.3432515157580145,True,0.25598337007746796,False,0.001607722718632573,0.0
reversal,158,Paired,2026192987,True,0.3432515157580145,True,0.25598337007746796,False,0.001607722718632573,0.0
reversal,159,Anchor,2026192988,True,0.3314628761060709,True,0.2583612063096768,False,0.002196705925758991,0.0
reversal,159,Paired,2026192988,True,0.3314628761060709,True,0.2583612063096768,False,0.002196705925758991,0.0
reversal,160,Anchor,2026192989,True,0.35203972189246013,True,0.28215821343687914,False,0.00083645806802728,0.0
reversal,160,Paired,2026192989,True,0.35203972189246013,True,0.28215821343687914,False,0.00083645806802728,0.0
reversal,161,Anchor,2026192990,True,0.36533101665832224,True,0.2597280402645474,False,0.002356648378347679,0.0
reversal,161,Paired,2026192990,True,0.36533101665832224,True,0.2597280402645474,False,0.002356648378347679,0.0
reversal,162,Anchor,2026192991,True,0.3327683380209349,True,0.2758274148661038,False,0.00030733665650786035,0.0
reversal,162,Paired,2026192991,True,0.3327683380209349,True,0.2758274148661038,False,0.00030733665650786035,0.0
reversal,163,Anchor,2026192992,True,0.34176841720264967,True,0.2827228236941263,False,0.0009388546101499393,0.0
reversal,163,Paired,2026192992,True,0.34176841720264967,True,0.2827228236941263,False,0.0009388546101499393,0.0
reversal,164,Anchor,2026192993,True,0.38835023160131915,True,0.3054833534379848,False,0.0007890637056682285,0.0
reversal,164,Paired,2026192993,True,0.38835023160131915,True,0.3054833534379848,False,0.0007890637056682285,0.0
reversal,165,Anchor,2026192994,True,0.3472203545690279,True,0.27243682408376785,False,0.00040967093889826767,0.0
reversal,165,Paired,2026192994,True,0.3472203545690279,True,0.27243682408376785,False,0.00040967093889826767,0.0
reversal,166,Anchor,2026192995,True,0.33776814700209595,True,0.2391483308438092,False,0.0028440893271802223,0.0
reversal,166,Paired,2026192995,True,0.33776814700209595,True,0.2391483308438092,False,0.0028440893271802223,0.0
reversal,167,Anchor,2026192996,True,0.3424892823778648,True,0.28102596037717104,False,0.002551824208322577,0.0
reversal,167,Paired,2026192996,True,0.3424892823778648,True,0.28102596037717104,False,0.002551824208322577,0.0
reversal,168,Anchor,2026192997,True,0.3644040027050276,True,0.25590410459616025,False,0.0006981292034859095,0.0
reversal,168,Paired,2026192997,True,0.3644040027050276,True,0.25590410459616025,False,0.0006981292034859095,0.0
reversal,169,Anchor,2026192998,True,0.35246844543301253,True,0.2785422100345977,False,0.0003962601650425724,0.0
reversal,169,Paired,2026192998,True,0.35246844543301253,True,0.2785422100345977,False,0.0003962601650425724,0.0
reversal,170,Anchor,2026192999,True,0.3167397014126855,True,0.22450676185571683,False,0.0005359780383677908,0.0
reversal,170,Paired,2026192999,True,0.3167397014126855,True,0.22450676185571683,False,0.0005359780383677908,0.0
reversal,171,Anchor,2026193000,True,0.3430115209335631,True,0.2662525026804787,False,0.000504482924199578,0.0
reversal,171,Paired,2026193000,True,0.3430115209335631,True,0.2662525026804787,False,0.000504482924199578,0.0
reversal,172,Anchor,2026193001,True,0.35787624519993566,True,0.24658583308866858,False,0.001304016454082584,0.0
reversal,172,Paired,2026193001,True,0.35787624519993566,True,0.24658583308866858,False,0.001304016454082584,0.0
reversal,173,Anchor,2026193002,True,0.3583978890028594,True,0.29031203908396436,False,0.0003820750906466342,0.0
reversal,173,Paired,2026193002,True,0.3583978890028594,True,0.29031203908396436,False,0.0003820750906466342,0.0
reversal,174,Anchor,2026193003,True,0.38029361562113095,True,0.3187314866891154,False,0.0013963756173473302,0.0
reversal,174,Paired,2026193003,True,0.38029361562113095,True,0.3187314866891154,False,0.0013963756173473302,0.0
reversal,175,Anchor,2026193004,True,0.35090218626023045,True,0.29206395844572314,False,0.0037257107055099488,0.0
reversal,175,Paired,2026193004,True,0.35090218626023045,True,0.29206395844572314,False,0.0037257107055099488,0.0
reversal,176,Anchor,2026193005,True,0.3503654284411239,True,0.2715136285756814,False,0.00017857479847650524,0.0
reversal,176,Paired,2026193005,True,0.3503654284411239,True,0.2715136285756814,False,0.00017857479847650524,0.0
reversal,177,Anchor,2026193006,True,0.34794873757334494,True,0.24706279370491105,False,0.00036322901996232234,0.0
reversal,177,Paired,2026193006,True,0.34794873757334494,True,0.24706279370491105,False,0.00036322901996232234,0.0
reversal,178,Anchor,2026193007,True,0.35336005742038035,True,0.24964776896570204,False,0.0002219844703567019,0.0
reversal,178,Paired,2026193007,True,0.35336005742038035,True,0.24964776896570204,False,0.0002219844703567019,0.0
reversal,179,Anchor,2026193008,True,0.3647527994378583,True,0.27176808423012383,False,0.000811270995706059,0.0
reversal,179,Paired,2026193008,True,0.3647527994378583,True,0.27176808423012383,False,0.000811270995706059,0.0
reversal,180,Anchor,2026193009,True,0.38269714915457154,True,0.25898258673479174,False,0.0005758024110519894,0.0
reversal,180,Paired,2026193009,True,0.38269714915457154,True,0.25898258673479174,False,0.0005758024110519894,0.0
reversal,181,Anchor,2026193010,True,0.3338451481678292,True,0.29642421236036326,False,0.0008138386266607429,0.0
reversal,181,Paired,2026193010,True,0.3338451481678292,True,0.29642421236036326,False,0.0008138386266607429,0.0
reversal,182,Anchor,2026193011,True,0.33052371159744076,True,0.2170155734358122,False,0.000995733829700248,0.0
reversal,182,Paired,2026193011,True,0.33052371159744076,True,0.2170155734358122,False,0.000995733829700248,0.0
reversal,183,Anchor,2026193012,True,0.3427296450383278,True,0.24117739132281188,False,0.0012602325832484856,0.0
reversal,183,Paired,2026193012,True,0.3427296450383278,True,0.24117739132281188,False,0.0012602325832484856,0.0
reversal,184,Anchor,2026193013,True,0.3638762173355346,True,0.29984011332194516,False,0.0008072549435211221,0.0
reversal,184,Paired,2026193013,True,0.3638762173355346,True,0.29984011332194516,False,0.0008072549435211221,0.0
reversal,185,Anchor,2026193014,True,0.3512104943744586,True,0.28540404944055286,False,0.00043123777826017056,0.0
reversal,185,Paired,2026193014,True,0.3512104943744586,True,0.28540404944055286,False,0.00043123777826017056,0.0
reversal,186,Anchor,2026193015,True,0.36362429576341926,True,0.22722754175352547,False,0.00014787654489265348,0.0
reversal,186,Paired,2026193015,True,0.36362429576341926,True,0.22722754175352547,False,0.00014787654489265348,0.0
reversal,187,Anchor,2026193016,True,0.36324821395448054,True,0.2340063028275528,False,0.000739354296761957,0.0
reversal,187,Paired,2026193016,True,0.36324821395448054,True,0.2340063028275528,False,0.000739354296761957,0.0
reversal,188,Anchor,2026193017,True,0.3426522595058949,True,0.286948639261073,False,0.00034510488813002807,0.0
reversal,188,Paired,2026193017,True,0.3426522595058949,True,0.286948639261073,False,0.00034510488813002807,0.0
reversal,189,Anchor,2026193018,True,0.3535340711955789,True,0.26883200471190394,False,0.0007896871167338075,0.0
reversal,189,Paired,2026193018,True,0.3535340711955789,True,0.26883200471190394,False,0.0007896871167338075,0.0
reversal,190,Anchor,2026193019,True,0.3616625322643191,False,0.21321223417513954,False,0.001737486112721617,0.0
reversal,190,Paired,2026193019,True,0.3616625322643191,False,0.21321223417513954,False,0.001737486112721617,0.0
reversal,191,Anchor,2026193020,True,0.3552962116751338,True,0.2903645388811045,False,0.0007259944069995596,0.0
reversal,191,Paired,2026193020,True,0.3552962116751338,True,0.2903645388811045,False,0.0007259944069995596,0.0
reversal,192,Anchor,2026193021,True,0.3209699783440084,True,0.26797627487858117,False,0.0015663188460277742,0.0
reversal,192,Paired,2026193021,True,0.3209699783440084,True,0.26797627487858117,False,0.0015663188460277742,0.0
reversal,193,Anchor,2026193022,True,0.327020636671639,True,0.26809735271805185,False,0.0011014886972121926,0.0
reversal,193,Paired,2026193022,True,0.327020636671639,True,0.26809735271805185,False,0.0011014886972121926,0.0
reversal,194,Anchor,2026193023,True,0.3659612702323257,True,0.20568761609448855,False,0.0004956267258296496,0.0
reversal,194,Paired,2026193023,True,0.3659612702323257,True,0.20568761609448855,False,0.0004956267258296496,0.0
reversal,195,Anchor,2026193024,True,0.3220801243895112,True,0.24356627411565226,False,0.000703891651300627,0.0
reversal,195,Paired,2026193024,True,0.3220801243895112,True,0.24356627411565226,False,0.000703891651300627,0.0
reversal,196,Anchor,2026193025,True,0.348211873702979,True,0.22605256343168476,False,0.00044581191501701437,0.0
reversal,196,Paired,2026193025,True,0.348211873702979,True,0.22605256343168476,False,0.00044581191501701437,0.0
reversal,197,Anchor,2026193026,True,0.3614339539081529,True,0.303021178767227,False,0.0006997853641638619,0.0
reversal,197,Paired,2026193026,True,0.3614339539081529,True,0.303021178767227,False,0.0006997853641638619,0.0
reversal,198,Anchor,2026193027,True,0.3558306837813552,True,0.29992442560481625,False,0.00041398956501684323,0.0
reversal,198,Paired,2026193027,True,0.3558306837813552,True,0.29992442560481625,False,0.00041398956501684323,0.0
reversal,199,Anchor,2026193028,True,0.35532297194841167,True,0.21619383438935375,False,0.0005604093367557529,0.0
reversal,199,Paired,2026193028,True,0.35532297194841167,True,0.21619383438935375,False,0.0005604093367557529,0.0
