id,file,authors,year,title,journal,volume,issue,pages,doi,arxiv,arxiv_pages,body_words,refs_approx,obtained,source,status,notes
01,01_KallusMao_2025_surrogates.pdf,"Kallus & Mao",2025,"On the role of surrogates in the efficient estimation of treatment effects with limited outcome data",JRSSB,87,2,480-509,10.1093/jrsssb/qkae099,2003.12408,87,16477,66,2026-09-29,arXiv,included,closest-topic match
02,02_GronsbellCai_2018_semisupervised.pdf,"Gronsbell & Cai",2018,"Semi-Supervised Approaches to Efficient Evaluation of Model Prediction Performance",JRSSB,80,3,579-594,10.1111/rssb.12264,1711.05663,38,6062,49,2026-09-29,arXiv,included,
03,03_GronsbellEtAl_2022_stratified.pdf,"Gronsbell, Liu, Tian & Cai",2022,"Efficient Evaluation of Prediction Rules in Semi-Supervised Settings under Stratified Sampling",JRSSB,84,4,1353-1391,10.1111/rssb.12502,2010.09443,80,9155,,2026-09-29,arXiv,included,reference-block extraction failed
04,04_YangDing_2025_twophase.pdf,"Yang & Ding",2025,"Two-phase rejective sampling and its asymptotic properties",JRSSB,87,4,957-977,10.1093/jrsssb/qkaf002,2403.01477,43,8516,37,2026-09-29,arXiv,included,
05,05_MaWangSamworth_2026_missing.pdf,"Ma, Wang & Samworth",2026,"Deep learning with missing data",JRSSB,,,online,10.1093/jrsssb/qkag114,2504.15388,57,9927,30,2026-09-29,arXiv,included,advance article
06,06_HoreBarber_2025_localweights.pdf,"Hore & Barber",2025,"Conformal prediction with local weights: randomization enables robust guarantees",JRSSB,87,2,549-578,10.1093/jrsssb/qkae103,2310.07850,45,15680,30,2026-09-29,arXiv,included,
07,07_GibbsEtAl_2025_conditional.pdf,"Gibbs, Cherian & Candes",2025,"Conformal Prediction with Conditional Guarantees",JRSSB,87,4,1100-1126,10.1093/jrsssb/qkaf008,2305.12616,54,13428,32,2026-09-29,arXiv,included,
08,08_JinRen_2025_selection.pdf,"Jin & Ren",2025,"Confidence on the Focal: Conformal Prediction with Selection-Conditional Coverage",JRSSB,87,4,1239-1259,10.1093/jrsssb/qkaf016,2403.03868,48,11230,,2026-09-29,arXiv,included,reference-block extraction failed
09,09_LeiCandes_2021_conformal.pdf,"Lei & Candes",2021,"Conformal Inference of Counterfactuals and Individual Treatment Effects",JRSSB,83,5,911-938,10.1111/rssb.12445,2006.06138,38,10866,74,2026-09-29,arXiv,included,abstract and intro extraction failed
10,10_LiCaiLi_2022_transfer.pdf,"Li, Cai & Li",2022,"Transfer Learning for High-dimensional Linear Regression: Prediction, Estimation, and Minimax Optimality",JRSSB,84,1,149-173,10.1111/rssb.12479,2006.10593,45,11098,39,2026-09-29,arXiv,included,intro extraction partial
11,11_SesiaEtAl_2025_noisylabels.pdf,"Sesia, Wang & Tong",2025,"Adaptive conformal classification with noisy labels",JRSSB,87,3,796-815,10.1093/jrsssb/qkae114,2309.05092,127,12453,60,2026-09-29,arXiv,included,
12,12_IgnatiadisHuber_2021_crossweighted.pdf,"Ignatiadis & Huber",2021,"Covariate powered cross-weighted multiple testing",JRSSB,83,4,720-751,10.1111/rssb.12411,1701.05179,58,14624,,2026-09-29,arXiv,included,abstract extraction failed; reference-block extraction failed
13,13_CandesLeiRen_2023_survival.pdf,"Candes, Lei & Ren",2023,"Conformalized survival analysis",JRSSB,85,1,24-45,10.1093/jrsssb/qkac004,2103.09763,54,9444,99,2026-09-30,arXiv,included,abstract extraction failed; intro extraction partial
14,14_ZhangHuangYang_2026_conditional.pdf,"Zhang, Huang & Yang",2026,"Doubly robust conditional independence testing with generative neural networks",JRSSB,88,1,195-220,10.1093/jrsssb/qkaf047,2407.17694,40,12942,60,2026-09-30,arXiv,included,
15,15_YangEtAl_2024_drsets.pdf,"Yang, Kuchibhotla & Tchetgen Tchetgen",2024,"Doubly robust calibration of prediction sets under covariate shift",JRSSB,86,4,943-965,10.1093/jrsssb/qkae009,2203.01761,47,12134,69,2026-09-30,arXiv,included,
16,16_QiuEtAl_2023_adaptivesets.pdf,"Qiu, Dobriban & Tchetgen Tchetgen",2023,"Prediction sets adaptive to unknown covariate shift",JRSSB,85,5,1680-1705,10.1093/jrsssb/qkad069,2203.06126,77,13218,98,2026-09-30,arXiv,included,
17,17_YangKimSong_2021_combining.pdf,"Yang, Kim & Song",2021,"Doubly Robust Inference when Combining Probability and Non-Probability Samples with High Dimensional Data",JRSSB,82,2,445-465,10.1111/rssb.12354,1903.05212,30,8245,46,2026-09-30,arXiv,included,abstract extraction failed
18,18_ShahSamworth_2013_stability.pdf,"Shah & Samworth",2013,"Variable Selection with Error Control: Another Look at Stability Selection",JRSSB,75,1,55-80,10.1111/j.1467-9868.2011.01034.x,1105.5578,25,9578,30,2026-09-30,arXiv,included,
19,19_GuHanDuan_2025_transfer.pdf,"Gu, Han & Duan",2025,"Robust angle-based transfer learning in high dimensions",JRSSB,87,3,723-745,10.1093/jrsssb/qkae111,2210.12759,28,9538,41,2026-09-30,arXiv,included,
20,20_AuddyEtAl_2026_transfer.pdf,"Auddy, Cai & Chakraborty",2026,"Minimax and adaptive transfer learning for nonparametric classification under distributed differential privacy constraints",JRSSB,88,3,903-929,10.1093/jrsssb/qkaf070,2406.20088,32,12220,28,2026-09-30,arXiv,included,abstract extraction failed; intro extraction partial
