observation_id,date
1,2019-08-01
2,2019-08-02
3,2019-08-03
4,2019-08-04
5,2019-08-05
6,2019-08-06
7,2019-08-07
8,2019-08-08
9,2019-08-09
10,2019-08-10
11,2019-08-11
12,2019-08-12
13,2019-08-13
14,2019-08-14
15,2019-08-15
16,2019-08-16
17,2019-08-17
18,2019-08-18
19,2019-08-19
20,2019-08-20
21,2019-08-21
22,2019-08-22
23,2019-08-23
24,2019-08-24
25,2019-08-25
26,2019-08-26
27,2019-08-27
28,2019-08-28
29,2019-08-29
30,2019-08-30
31,2019-08-31
32,2019-09-01
33,2019-09-02
34,2019-09-03
35,2019-09-04
36,2019-09-05
37,2019-09-06
38,2019-09-07
39,2019-09-08
40,2019-09-09
41,2019-09-10
42,2019-09-11
43,2019-09-12
44,2019-09-13
45,2019-09-14
46,2019-09-15
47,2019-09-16
48,2019-09-17
49,2019-09-18
50,2019-09-19
51,2019-09-20
52,2019-09-21
53,2019-09-22
54,2019-09-23
55,2019-09-24
56,2019-09-25
57,2019-09-26
58,2019-09-27
59,2019-09-28
60,2019-09-29
61,2019-09-30
62,2019-10-01
63,2019-10-02
64,2019-10-03
65,2019-10-04
66,2019-10-05
67,2019-10-06
68,2019-10-07
69,2019-10-08
70,2019-10-09
71,2019-10-10
72,2019-10-11
73,2019-10-12
74,2019-10-13
75,2019-10-14
76,2019-10-15
77,2019-10-16
78,2019-10-17
79,2019-10-18
80,2019-10-19
81,2019-10-20
82,2019-10-21
83,2019-10-22
84,2019-10-23
85,2019-10-24
86,2019-10-25
87,2019-10-26
88,2019-10-27
89,2019-10-28
90,2019-10-29
91,2019-10-30
92,2019-10-31
93,2019-11-01
94,2019-11-02
95,2019-11-03
96,2019-11-04
97,2019-11-05
98,2019-11-06
99,2019-11-07
100,2019-11-08
101,2019-11-09
102,2019-11-10
103,2019-11-11
104,2019-11-12
105,2019-11-13
106,2019-11-14
107,2019-11-15
108,2019-11-16
109,2019-11-17
110,2019-12-18
111,2019-12-19
112,2019-12-20
113,2019-12-21
114,2019-12-22
115,2019-12-23
116,2019-12-24
117,2019-12-25
118,2019-12-26
119,2019-12-27
120,2019-12-28
121,2019-12-29
122,2019-12-30
123,2019-12-31
124,2020-01-01
125,2020-01-02
126,2020-01-03
127,2020-01-04
128,2020-01-05
129,2020-01-06
130,2020-01-07
131,2020-01-08
132,2020-01-09
133,2020-01-10
134,2020-01-11
135,2020-01-12
136,2020-01-13
137,2020-01-14
138,2020-01-15
139,2020-01-16
140,2020-01-17
141,2020-01-18
142,2020-01-19
143,2020-01-20
144,2020-01-21
145,2020-01-22
146,2020-04-15
147,2020-04-16
148,2020-04-17
149,2020-04-18
150,2020-04-19
151,2020-04-20
152,2020-04-21
153,2020-04-22
154,2020-04-23
155,2020-04-24
156,2020-04-25
157,2020-04-26
158,2020-04-27
159,2020-04-28
160,2020-04-29
161,2020-04-30
162,2020-05-01
163,2020-05-02
164,2020-05-03
165,2020-05-04
166,2020-05-05
167,2020-05-06
168,2020-05-07
169,2020-05-08
170,2020-05-09
171,2020-05-10
172,2020-05-11
173,2020-05-12
174,2020-05-13
175,2020-05-14
176,2020-05-15
177,2020-05-16
178,2020-05-17
179,2020-05-18
180,2020-05-19
181,2020-05-20
182,2020-05-21
183,2020-05-22
184,2020-05-23
185,2020-05-24
186,2020-05-25
187,2020-05-26
188,2020-05-27
189,2020-05-28
190,2020-05-29
191,2020-05-30
192,2020-05-31
193,2020-06-01
194,2020-06-02
195,2020-06-03
196,2020-06-04
197,2020-06-05
198,2020-06-06
199,2020-06-07
200,2020-06-08
201,2020-06-09
202,2020-06-10
203,2020-06-11
204,2020-06-12
205,2020-06-13
206,2020-06-14
207,2020-06-15
208,2020-06-16
209,2020-06-17
210,2020-06-18
211,2020-06-19
212,2020-06-20
213,2020-06-21
214,2020-06-22
215,2020-06-23
216,2020-06-24
217,2020-06-25
218,2020-06-26
219,2020-06-27
220,2020-06-28
221,2020-06-29
222,2020-06-30
223,2020-07-01
224,2020-07-02
225,2020-07-03
226,2020-07-04
227,2020-07-05
228,2020-07-06
229,2020-07-07
230,2020-07-08
231,2020-07-09
232,2020-07-10
233,2020-07-11
234,2020-07-12
235,2020-07-13
236,2020-07-14
237,2020-07-15
238,2020-07-16
239,2020-07-17
240,2020-07-18
241,2020-07-19
242,2020-07-20
243,2020-07-21
244,2020-07-22
245,2020-07-23
246,2020-07-24
247,2020-07-25
248,2020-07-26
249,2020-07-27
250,2020-07-28
251,2020-07-29
252,2020-07-30
253,2020-07-31
254,2020-08-01
255,2020-08-02
256,2020-08-03
257,2020-08-04
258,2020-08-05
259,2020-08-06
260,2020-08-07
261,2020-08-08
262,2020-08-09
263,2020-08-10
264,2020-08-11
265,2020-08-12
266,2020-08-13
267,2020-08-14
268,2020-08-15
269,2020-08-16
270,2020-08-17
271,2020-08-18
272,2020-08-19
273,2020-08-20
274,2020-08-21
275,2020-08-22
276,2020-08-23
277,2020-08-24
278,2020-08-25
279,2020-08-26
280,2020-08-27
281,2020-08-28
282,2020-08-29
283,2020-08-30
284,2020-08-31
285,2020-09-01
286,2020-09-02
287,2020-09-03
288,2020-09-04
289,2020-09-05
290,2020-09-06
291,2020-09-07
292,2020-09-08
293,2020-09-09
294,2020-09-10
295,2020-09-11
296,2020-09-12
297,2020-09-13
298,2020-09-14
299,2020-09-15
300,2020-09-16
301,2020-09-17
302,2020-09-18
303,2020-09-19
304,2020-09-20
305,2020-09-21
306,2020-09-22
307,2020-09-23
308,2020-09-24
309,2020-09-25
310,2020-09-26
311,2020-09-27
312,2020-09-28
313,2020-09-29
314,2020-09-30
315,2020-10-01
316,2020-10-02
317,2019-08-01
318,2019-08-02
319,2019-08-03
320,2019-08-04
321,2019-08-05
322,2019-08-06
323,2019-08-08
324,2019-08-09
325,2019-08-10
326,2019-08-11
327,2019-08-12
328,2019-08-13
329,2019-08-15
330,2019-08-16
331,2019-08-17
332,2019-08-18
333,2019-08-19
334,2019-08-20
335,2019-08-21
336,2019-08-22
337,2019-08-23
338,2019-08-24
339,2019-08-25
340,2019-08-26
341,2019-08-27
342,2019-08-28
343,2019-08-29
344,2019-08-30
345,2019-08-31
346,2019-09-01
347,2019-09-02
348,2019-09-03
349,2019-09-04
350,2019-09-11
351,2019-09-12
352,2019-09-13
353,2019-09-14
354,2019-09-15
355,2019-09-16
356,2019-09-17
357,2019-09-18
358,2019-09-19
359,2019-09-20
360,2019-09-21
361,2019-09-22
362,2019-09-23
363,2019-09-24
364,2019-09-25
365,2019-09-26
366,2019-09-27
367,2019-09-28
368,2019-09-29
369,2019-09-30
370,2019-10-01
371,2019-10-02
372,2019-10-03
373,2019-10-04
374,2019-10-06
375,2019-10-07
376,2019-10-08
377,2019-10-09
378,2019-10-10
379,2019-10-11
380,2019-10-12
381,2019-10-13
382,2019-10-14
383,2019-10-15
384,2019-10-16
385,2019-10-17
386,2019-10-18
387,2019-10-19
388,2019-10-20
389,2019-10-21
390,2019-10-22
391,2019-10-23
392,2019-10-24
393,2019-10-25
394,2019-10-26
395,2019-10-27
396,2019-10-28
397,2019-10-29
398,2019-10-30
399,2019-10-31
400,2019-11-01
401,2019-11-02
402,2019-11-03
403,2019-11-04
404,2019-11-05
405,2019-11-06
406,2019-11-07
407,2019-11-08
408,2019-11-09
409,2019-11-10
410,2019-11-11
411,2019-11-12
412,2019-11-13
413,2019-11-14
414,2019-11-15
415,2019-11-16
416,2019-11-17
417,2019-11-18
418,2019-11-19
419,2019-11-20
420,2019-11-21
421,2019-11-22
422,2019-11-23
423,2019-11-24
424,2019-11-25
425,2019-11-26
426,2019-11-27
427,2019-11-28
428,2019-11-29
429,2019-11-30
430,2019-12-01
431,2019-12-02
432,2019-12-03
433,2019-12-04
434,2019-12-05
435,2019-12-06
436,2019-12-07
437,2019-12-08
438,2019-12-09
439,2019-12-10
440,2019-12-11
441,2019-12-12
442,2019-12-13
443,2019-12-14
444,2019-12-15
445,2019-12-16
446,2019-12-17
447,2019-12-18
448,2019-12-19
449,2019-12-20
450,2019-12-21
451,2019-12-22
452,2019-12-23
453,2019-12-24
454,2019-12-25
455,2019-12-26
456,2019-12-27
457,2019-12-28
458,2019-12-29
459,2019-12-30
460,2019-12-31
461,2020-01-01
462,2020-01-02
463,2020-01-03
464,2020-01-04
465,2020-01-05
466,2020-01-06
467,2020-01-07
468,2020-01-08
469,2020-01-09
470,2020-01-10
471,2020-01-11
472,2020-01-12
473,2020-01-13
474,2020-01-14
475,2020-01-15
476,2020-01-16
477,2020-01-17
478,2020-01-18
479,2020-01-19
480,2020-01-20
481,2020-01-21
482,2020-01-22
483,2020-01-23
484,2020-01-24
485,2020-01-25
486,2020-01-26
487,2020-01-27
488,2020-01-28
489,2020-01-29
490,2020-01-30
491,2020-01-31
492,2020-02-01
493,2020-02-02
494,2020-02-03
495,2020-02-04
496,2020-02-05
497,2020-02-06
498,2020-02-07
499,2020-02-08
500,2020-02-09
501,2020-02-10
502,2020-02-11
503,2020-02-12
504,2020-02-13
505,2020-02-14
506,2020-02-15
507,2020-02-16
508,2020-02-17
509,2020-02-18
510,2020-02-19
511,2020-02-20
512,2020-02-21
513,2020-02-22
514,2020-02-23
515,2020-02-24
516,2020-02-25
517,2020-02-26
518,2020-02-27
519,2020-02-28
520,2020-02-29
521,2020-03-01
522,2020-03-02
523,2020-03-03
524,2020-03-04
525,2020-03-05
526,2020-03-06
527,2020-03-07
528,2020-03-08
529,2020-03-09
530,2020-03-10
531,2020-03-11
532,2020-03-12
533,2020-03-13
534,2020-03-14
535,2020-03-15
536,2020-03-16
537,2020-03-17
538,2020-03-18
539,2020-03-19
540,2020-03-20
541,2020-03-21
542,2020-03-22
543,2020-03-23
544,2020-03-24
545,2020-03-25
546,2020-03-26
547,2020-03-27
548,2020-03-28
549,2020-03-29
550,2020-03-30
551,2020-03-31
552,2020-04-01
553,2020-04-02
554,2020-04-03
555,2020-04-04
556,2020-04-05
557,2020-04-06
558,2020-04-07
559,2020-04-08
560,2020-04-09
561,2020-04-10
562,2020-04-11
563,2020-04-12
564,2020-04-13
565,2020-04-14
566,2020-04-15
567,2020-04-16
568,2020-04-17
569,2020-04-18
570,2020-04-19
571,2020-04-20
572,2020-04-21
573,2020-04-22
574,2020-04-23
575,2020-04-24
576,2020-04-25
577,2020-04-26
578,2020-04-27
579,2020-04-28
580,2020-04-29
581,2020-04-30
582,2020-05-01
583,2020-05-02
584,2020-05-03
585,2020-05-04
586,2020-05-05
587,2020-05-06
588,2020-05-07
589,2020-05-08
590,2020-05-09
591,2020-05-10
592,2020-05-11
593,2020-05-12
594,2020-05-13
595,2020-05-14
596,2020-05-15
597,2020-05-16
598,2020-05-17
599,2020-05-18
600,2020-05-19
601,2020-05-20
602,2020-05-21
603,2020-05-22
604,2020-05-23
605,2020-05-24
606,2020-05-26
607,2020-05-27
608,2020-05-28
609,2020-05-29
610,2020-05-30
611,2020-05-31
612,2020-06-02
613,2020-06-03
614,2020-06-04
615,2020-06-05
616,2020-06-06
617,2020-06-07
618,2020-06-08
619,2020-06-09
620,2020-07-01
621,2020-07-02
622,2020-07-03
623,2020-07-04
624,2020-07-05
625,2020-07-06
626,2020-07-07
627,2020-07-08
628,2020-07-09
629,2020-07-10
630,2020-07-11
631,2020-07-12
632,2020-07-13
633,2020-07-14
634,2020-07-15
635,2020-07-17
636,2020-07-18
637,2020-07-19
638,2020-07-20
639,2020-07-21
640,2020-07-22
641,2020-07-23
642,2020-07-24
643,2020-07-25
644,2020-07-26
645,2020-07-27
646,2020-07-28
647,2020-07-29
648,2020-07-30
649,2020-07-31
650,2020-08-01
651,2020-08-02
652,2020-08-03
653,2020-08-04
654,2020-08-05
655,2020-08-06
656,2020-08-07
657,2020-08-08
658,2020-08-09
659,2020-08-10
660,2020-08-11
661,2020-08-12
662,2020-08-13
663,2020-08-14
664,2020-08-15
665,2020-08-16
666,2020-08-17
667,2020-08-18
668,2020-08-19
669,2020-08-20
670,2020-08-21
671,2020-08-22
672,2020-08-23
673,2020-08-24
674,2020-08-25
675,2020-08-26
676,2020-08-27
677,2020-08-28
678,2020-08-29
679,2020-08-30
680,2020-08-31
681,2020-09-01
682,2020-09-02
683,2020-09-03
684,2020-09-04
685,2020-09-05
686,2020-09-06
687,2020-09-07
688,2020-09-08
689,2020-09-09
690,2020-09-10
691,2020-09-11
692,2020-09-12
693,2020-09-13
694,2020-09-14
695,2020-09-15
696,2020-09-16
697,2020-09-17
698,2020-09-18
699,2020-09-19
700,2020-09-20
701,2020-09-21
702,2020-09-22
703,2020-09-23
704,2020-09-24
705,2020-09-25
706,2020-09-26
707,2020-09-27
708,2020-09-28
709,2020-09-29
710,2020-09-30
711,2020-10-01
712,2020-10-02
713,2019-07-29
714,2019-07-30
715,2019-07-31
716,2019-08-01
717,2019-08-02
718,2019-08-03
719,2019-08-04
720,2019-08-05
721,2019-08-06
722,2019-08-07
723,2019-08-08
724,2019-08-09
725,2019-08-10
726,2019-08-11
727,2019-08-12
728,2019-08-13
729,2019-08-14
730,2019-08-15
731,2019-08-16
732,2019-08-17
733,2019-08-18
734,2019-08-19
735,2019-08-20
736,2019-08-21
737,2019-08-22
738,2019-08-23
739,2019-08-24
740,2019-08-25
741,2019-08-26
742,2019-08-27
743,2019-08-28
744,2019-08-29
745,2019-08-30
746,2019-08-31
747,2019-09-01
748,2019-09-02
749,2019-09-03
750,2019-09-04
751,2019-09-05
752,2019-09-06
753,2019-09-07
754,2019-09-08
755,2019-09-09
756,2019-09-10
757,2019-09-12
758,2019-09-13
759,2019-09-14
760,2019-09-15
761,2019-09-16
762,2019-09-17
763,2019-09-18
764,2019-09-19
765,2019-09-20
766,2019-09-21
767,2019-09-22
768,2019-09-23
769,2019-09-24
770,2019-09-25
771,2019-09-26
772,2019-09-27
773,2019-09-28
774,2019-09-29
775,2019-09-30
776,2019-10-01
777,2019-10-02
778,2019-10-03
779,2019-10-04
780,2019-10-05
781,2019-10-06
782,2019-10-07
783,2019-10-08
784,2019-10-09
785,2019-10-10
786,2019-10-11
787,2019-10-12
788,2019-10-13
789,2019-10-14
790,2019-10-15
791,2019-10-16
792,2019-10-17
793,2019-10-18
794,2019-10-19
795,2019-10-20
796,2019-10-21
797,2019-10-22
798,2019-10-23
799,2019-10-24
800,2019-10-25
801,2019-10-26
802,2019-10-27
803,2019-10-28
804,2019-10-29
805,2019-10-30
806,2019-10-31
807,2019-11-01
808,2019-11-02
809,2019-11-03
810,2019-11-04
811,2019-11-05
812,2019-11-06
813,2019-11-07
814,2019-11-08
815,2019-11-09
816,2019-11-10
817,2019-11-11
818,2019-11-12
819,2019-11-13
820,2019-11-14
821,2019-11-15
822,2019-11-16
823,2019-11-17
824,2019-11-18
825,2019-11-19
826,2019-11-20
827,2019-11-21
828,2019-11-22
829,2019-11-23
830,2019-11-24
831,2019-11-25
832,2019-11-26
833,2019-11-27
834,2019-11-28
835,2019-11-29
836,2019-11-30
837,2019-12-01
838,2019-12-02
839,2019-12-04
840,2019-12-05
841,2019-12-06
842,2019-12-07
843,2019-12-08
844,2019-12-09
845,2019-12-10
846,2019-12-11
847,2019-12-12
848,2019-12-13
849,2019-12-14
850,2019-12-15
851,2019-12-16
852,2019-12-17
853,2019-12-18
854,2019-12-19
855,2019-12-20
856,2019-12-21
857,2019-12-22
858,2019-12-23
859,2019-12-24
860,2020-01-02
861,2020-01-03
862,2020-01-06
863,2020-01-07
864,2020-01-08
865,2020-01-09
866,2020-01-10
867,2020-01-11
868,2020-01-12
869,2020-01-13
870,2020-01-14
871,2020-01-15
872,2020-01-16
873,2020-01-17
874,2020-01-18
875,2020-01-19
876,2020-01-20
877,2020-01-21
878,2020-01-22
879,2020-01-23
880,2020-01-24
881,2020-01-25
882,2020-01-26
883,2020-01-27
884,2020-01-28
885,2020-01-29
886,2020-01-30
887,2020-01-31
888,2020-02-01
889,2020-02-02
890,2020-02-03
891,2020-02-04
892,2020-02-05
893,2020-02-06
894,2020-02-12
895,2020-02-13
896,2020-02-14
897,2020-02-15
898,2020-02-16
899,2020-02-17
900,2020-02-18
901,2020-02-27
902,2020-02-28
903,2020-02-29
904,2020-03-01
905,2020-03-02
906,2020-03-11
907,2020-03-12
908,2020-03-13
909,2020-03-14
910,2020-03-15
911,2020-03-18
912,2020-03-19
913,2020-03-20
914,2020-03-21
915,2020-03-22
916,2020-03-23
917,2020-03-24
918,2020-03-25
919,2020-03-26
920,2020-03-27
921,2020-03-28
922,2020-03-29
923,2020-04-12
924,2020-04-13
925,2020-04-14
926,2020-04-15
927,2020-04-28
928,2020-04-29
929,2020-04-30
930,2020-05-01
931,2020-05-02
932,2020-05-03
933,2020-05-04
934,2020-05-05
935,2020-05-06
936,2020-05-07
937,2020-05-08
938,2020-05-09
939,2020-05-10
940,2020-05-11
941,2020-05-12
942,2020-05-13
943,2020-05-14
944,2020-05-15
945,2020-05-16
946,2020-05-17
947,2020-05-18
948,2020-05-19
949,2020-05-20
950,2020-05-21
951,2020-05-22
952,2020-05-23
953,2020-05-24
954,2020-05-25
955,2020-06-01
956,2020-06-02
957,2020-06-03
958,2020-06-04
959,2020-06-05
960,2020-06-06
961,2020-06-07
962,2020-06-08
963,2020-06-09
964,2020-06-10
965,2020-06-11
966,2020-06-12
967,2020-06-13
968,2020-06-14
969,2020-06-15
970,2020-06-16
971,2020-06-17
972,2020-06-18
973,2020-06-19
974,2020-06-20
975,2020-06-21
976,2020-06-22
977,2020-06-23
978,2020-06-24
979,2020-06-25
980,2020-06-26
981,2020-06-27
982,2020-06-28
983,2020-06-29
984,2020-06-30
985,2020-07-01
986,2020-07-02
987,2020-07-03
988,2020-07-04
989,2020-07-05
990,2020-07-06
991,2020-07-07
992,2020-07-08
993,2020-07-09
994,2020-07-10
995,2020-07-11
996,2020-07-12
997,2020-07-13
998,2020-07-14
999,2020-07-15
1000,2020-07-16
1001,2020-07-17
1002,2020-07-18
1003,2020-07-19
1004,2020-07-28
1005,2020-07-29
1006,2020-07-30
1007,2020-07-31
1008,2020-08-01
1009,2020-08-02
1010,2020-08-03
1011,2020-08-04
1012,2020-08-05
1013,2020-08-06
1014,2020-08-07
1015,2020-08-08
1016,2020-08-09
1017,2020-08-10
1018,2020-08-11
1019,2020-08-12
1020,2020-08-13
1021,2020-08-14
1022,2020-08-15
1023,2020-08-16
1024,2020-08-17
1025,2020-08-18
1026,2020-08-19
1027,2020-08-20
1028,2020-08-21
1029,2020-08-22
1030,2020-08-23
1031,2020-08-24
1032,2020-08-25
1033,2020-08-26
1034,2020-08-27
1035,2020-08-28
1036,2020-08-29
1037,2020-08-30
1038,2020-08-31
1039,2020-09-01
1040,2020-09-02
1041,2020-09-03
1042,2020-09-04
1043,2020-09-05
1044,2020-09-06
1045,2020-09-07
1046,2020-09-08
1047,2020-09-09
1048,2020-09-10
1049,2020-09-11
1050,2020-09-12
1051,2020-09-13
1052,2020-09-14
1053,2020-09-15
1054,2020-09-16
1055,2020-09-17
1056,2020-09-18
1057,2020-09-19
1058,2020-09-20
1059,2020-09-21
1060,2020-09-22
1061,2020-09-23
1062,2020-09-24
1063,2020-09-25
1064,2020-09-26
1065,2020-09-27
1066,2020-09-28
1067,2020-09-29
1068,2020-09-30
1069,2020-10-01
1070,2019-08-02
1071,2019-08-03
1072,2019-08-04
1073,2019-08-05
1074,2019-08-06
1075,2019-08-07
1076,2019-08-08
1077,2019-08-09
1078,2019-08-10
1079,2019-08-11
1080,2019-08-12
1081,2019-08-13
1082,2019-08-14
1083,2019-08-15
1084,2019-08-16
1085,2019-08-17
1086,2019-08-18
1087,2019-08-19
1088,2019-08-20
1089,2019-08-21
1090,2019-08-22
1091,2019-08-23
1092,2019-08-24
1093,2019-08-25
1094,2019-08-26
1095,2019-08-27
1096,2019-08-28
1097,2019-09-11
1098,2019-09-12
1099,2019-09-13
1100,2019-09-14
1101,2019-09-15
1102,2019-09-16
1103,2019-09-17
1104,2019-09-18
1105,2019-09-19
1106,2019-09-20
1107,2019-09-21
1108,2019-09-22
1109,2019-09-23
1110,2019-09-24
1111,2019-09-25
1112,2019-09-26
1113,2019-09-27
1114,2019-09-28
1115,2019-09-29
1116,2019-09-30
1117,2019-10-01
1118,2019-10-02
1119,2019-10-03
1120,2019-10-04
1121,2019-10-05
1122,2019-10-06
1123,2019-10-07
1124,2019-10-08
1125,2019-10-09
1126,2019-10-10
1127,2019-10-11
1128,2019-10-12
1129,2019-10-13
1130,2019-10-14
1131,2019-10-15
1132,2019-10-16
1133,2019-10-17
1134,2019-10-18
1135,2019-10-19
1136,2019-10-20
1137,2019-10-21
1138,2019-10-22
1139,2019-10-23
1140,2019-10-24
1141,2019-10-25
1142,2019-10-26
1143,2019-10-27
1144,2019-10-28
1145,2019-10-29
1146,2019-10-30
1147,2019-10-31
1148,2019-11-01
1149,2019-11-02
1150,2019-11-03
1151,2019-11-04
1152,2019-11-05
1153,2019-11-06
1154,2019-11-07
1155,2019-11-08
1156,2019-11-09
1157,2019-11-10
1158,2019-11-11
1159,2019-11-12
1160,2019-11-13
1161,2019-11-14
1162,2019-11-15
1163,2019-11-16
1164,2019-11-17
1165,2019-11-18
1166,2019-11-19
1167,2019-11-20
1168,2019-11-21
1169,2019-11-22
1170,2019-11-23
1171,2019-11-24
1172,2019-11-25
1173,2019-11-26
1174,2019-11-27
1175,2019-11-28
1176,2019-11-29
1177,2019-11-30
1178,2019-12-01
1179,2019-12-02
1180,2019-12-03
1181,2019-12-04
1182,2019-12-05
1183,2019-12-06
1184,2019-12-07
1185,2019-12-08
1186,2019-12-09
1187,2019-12-10
1188,2019-12-11
1189,2019-12-12
1190,2019-12-13
1191,2019-12-14
1192,2019-12-15
1193,2019-12-16
1194,2019-12-17
1195,2019-12-18
1196,2019-12-19
1197,2019-12-20
1198,2019-12-21
1199,2019-12-22
1200,2019-12-23
1201,2019-12-24
1202,2019-12-25
1203,2019-12-26
1204,2019-12-27
1205,2019-12-28
1206,2019-12-29
1207,2019-12-30
1208,2019-12-31
1209,2020-01-01
1210,2020-01-02
1211,2020-01-03
1212,2020-01-04
1213,2020-01-05
1214,2020-01-06
1215,2020-01-07
1216,2020-01-08
1217,2020-01-09
1218,2020-01-10
1219,2020-01-11
1220,2020-01-12
1221,2020-01-13
1222,2020-01-14
1223,2020-01-15
1224,2020-01-16
1225,2020-01-17
1226,2020-01-18
1227,2020-01-19
1228,2020-01-20
1229,2020-01-21
1230,2020-01-22
1231,2020-01-29
1232,2020-01-30
1233,2020-01-31
1234,2020-02-01
1235,2020-02-02
1236,2020-02-03
1237,2020-02-04
1238,2020-02-05
1239,2020-02-06
1240,2020-02-07
1241,2020-02-08
1242,2020-02-09
1243,2020-02-10
1244,2020-02-11
1245,2020-02-12
1246,2020-02-13
1247,2020-02-14
1248,2020-02-15
1249,2020-02-16
1250,2020-02-17
1251,2020-02-18
1252,2020-02-19
1253,2020-02-20
1254,2020-02-21
1255,2020-02-22
1256,2020-02-23
1257,2020-02-24
1258,2020-02-25
1259,2020-02-26
1260,2020-02-27
1261,2020-02-28
1262,2020-02-29
1263,2020-03-01
1264,2020-03-02
1265,2020-03-03
1266,2020-03-05
1267,2020-03-06
1268,2020-03-07
1269,2020-03-08
1270,2020-03-09
1271,2020-03-10
1272,2020-03-11
1273,2020-03-12
1274,2020-03-13
1275,2020-03-14
1276,2020-03-15
1277,2020-03-16
1278,2020-03-17
1279,2020-03-18
1280,2020-03-19
1281,2020-03-20
1282,2020-03-21
1283,2020-03-22
1284,2020-03-23
1285,2020-03-24
1286,2020-03-25
1287,2020-03-26
1288,2020-03-27
1289,2020-03-28
1290,2020-03-29
1291,2020-03-30
1292,2020-03-31
1293,2020-04-01
1294,2020-04-02
1295,2020-04-03
1296,2020-04-04
1297,2020-04-05
1298,2020-04-06
1299,2020-04-07
1300,2020-04-08
1301,2020-04-09
1302,2020-04-10
1303,2020-04-11
1304,2020-04-12
1305,2020-04-13
1306,2020-04-14
1307,2020-04-16
1308,2020-04-17
1309,2020-04-18
1310,2020-04-19
1311,2020-04-20
1312,2020-04-21
1313,2020-04-22
1314,2020-04-23
1315,2020-04-24
1316,2020-04-25
1317,2020-04-26
1318,2020-04-27
1319,2020-04-28
1320,2020-04-29
1321,2020-04-30
1322,2020-05-01
1323,2020-05-02
1324,2020-05-03
1325,2020-05-04
1326,2020-05-05
1327,2020-05-06
1328,2020-05-07
1329,2020-05-08
1330,2020-05-09
1331,2020-05-10
1332,2020-05-11
1333,2020-05-12
1334,2020-05-13
1335,2020-05-14
1336,2020-05-15
1337,2020-05-16
1338,2020-05-17
1339,2020-05-18
1340,2020-05-21
1341,2020-05-22
1342,2020-05-23
1343,2020-05-24
1344,2020-05-25
1345,2020-05-26
1346,2020-05-27
1347,2020-06-03
1348,2020-06-04
1349,2020-06-05
1350,2020-06-06
1351,2020-06-07
1352,2020-06-08
1353,2020-06-09
1354,2020-06-10
1355,2020-06-11
1356,2020-06-12
1357,2020-06-13
1358,2020-06-14
1359,2020-06-15
1360,2020-06-16
1361,2020-06-17
1362,2020-06-18
1363,2020-06-19
1364,2020-06-20
1365,2020-06-21
1366,2020-06-22
1367,2020-06-23
1368,2020-06-24
1369,2020-06-25
1370,2020-06-26
1371,2020-06-27
1372,2020-06-28
1373,2020-06-29
1374,2020-06-30
1375,2020-07-01
1376,2020-07-02
1377,2020-07-03
1378,2020-07-04
1379,2020-07-05
1380,2020-07-06
1381,2020-07-07
1382,2020-07-08
1383,2020-07-09
1384,2020-07-10
1385,2020-07-11
1386,2020-07-12
1387,2020-07-13
1388,2020-07-14
1389,2020-07-15
1390,2020-07-16
1391,2020-07-17
1392,2020-07-18
1393,2020-07-19
1394,2020-07-20
1395,2020-07-21
1396,2020-07-22
1397,2020-07-23
1398,2020-07-24
1399,2020-07-25
1400,2020-07-26
1401,2020-07-27
1402,2020-07-28
1403,2020-07-29
1404,2020-07-30
1405,2020-07-31
1406,2020-08-01
1407,2020-08-02
1408,2020-08-03
1409,2020-08-04
1410,2020-08-05
1411,2020-08-06
1412,2020-08-07
1413,2020-08-08
1414,2020-08-09
1415,2020-08-10
1416,2020-08-11
1417,2020-08-12
1418,2020-08-13
1419,2020-08-14
1420,2020-08-15
1421,2020-08-16
1422,2020-08-17
1423,2020-08-18
1424,2020-08-19
1425,2020-08-20
1426,2020-08-21
1427,2020-08-22
1428,2020-08-23
1429,2020-08-24
1430,2020-08-25
1431,2020-08-26
1432,2020-08-27
1433,2020-08-28
1434,2020-08-29
1435,2020-08-30
1436,2020-08-31
1437,2020-09-01
1438,2020-09-02
1439,2020-09-03
1440,2020-09-04
1441,2020-09-05
1442,2020-09-06
1443,2020-09-07
1444,2020-09-08
1445,2020-09-09
1446,2020-09-10
1447,2020-09-11
1448,2020-09-12
1449,2020-09-13
1450,2020-09-14
1451,2020-09-15
1452,2020-09-16
1453,2020-09-17
1454,2020-09-24
1455,2020-09-25
1456,2020-09-26
1457,2020-09-27
1458,2020-09-28
1459,2020-09-29
1460,2020-09-30
1461,2020-10-01
1462,2020-10-02
1463,2020-10-03
1464,2020-10-04
1465,2020-10-05
1466,2020-10-06
1467,2020-10-07
1468,2020-10-08
1469,2020-10-09
1470,2020-10-10
1471,2020-10-11
1472,2020-10-12
1473,2020-10-13
1474,2020-10-20
1475,2020-10-21
1476,2020-10-22
1477,2020-10-23
1478,2020-10-24
1479,2020-10-25
1480,2020-10-26
1481,2020-10-27
1482,2020-10-28
1483,2020-11-03
1484,2020-11-04
1485,2020-11-05
1486,2020-11-06
1487,2020-11-07
1488,2020-11-08
1489,2020-11-09
1490,2020-11-10
1491,2020-11-11
1492,2020-11-12
1493,2020-11-13
1494,2020-11-14
1495,2020-11-15
1496,2020-11-16
1497,2020-11-17
1498,2020-11-18
1499,2020-11-19
1500,2020-11-20
1501,2020-11-21
1502,2020-11-22
1503,2020-11-23
1504,2020-11-24
1505,2020-11-25
1506,2020-11-26
1507,2020-11-27
1508,2020-11-28
1509,2020-11-29
1510,2020-11-30
1511,2020-12-01
1512,2020-12-02
1513,2020-12-03
1514,2020-12-04
1515,2020-12-05
1516,2020-12-06
1517,2020-12-07
1518,2020-12-08
1519,2020-12-15
1520,2020-12-16
1521,2020-12-17
1522,2020-12-18
1523,2020-12-19
1524,2020-12-20
1525,2020-12-21
1526,2020-12-22
1527,2020-12-23
1528,2020-12-24
1529,2020-12-25
1530,2020-12-26
1531,2020-12-27
1532,2020-12-28
1533,2020-12-29
1534,2020-12-30
1535,2020-12-31
1536,2021-01-01
1537,2019-07-23
1538,2019-07-24
1539,2019-07-25
1540,2019-07-26
1541,2019-07-27
1542,2019-07-28
1543,2019-07-29
1544,2019-08-01
1545,2019-08-02
1546,2019-08-03
1547,2019-08-04
1548,2019-08-05
1549,2019-08-06
1550,2019-08-07
1551,2019-08-08
1552,2019-08-09
1553,2019-08-10
1554,2019-08-11
1555,2019-08-12
1556,2019-08-13
1557,2019-08-14
1558,2019-08-15
1559,2019-08-16
1560,2019-08-17
1561,2019-08-18
1562,2019-08-19
1563,2019-08-20
1564,2019-08-21
1565,2019-08-22
1566,2019-08-23
1567,2019-08-26
1568,2019-08-27
1569,2019-08-28
1570,2019-08-29
1571,2019-08-30
1572,2019-08-31
1573,2019-09-01
1574,2019-09-02
1575,2019-09-03
1576,2019-09-04
1577,2019-09-05
1578,2019-09-06
1579,2019-09-07
1580,2019-09-08
1581,2019-09-09
1582,2019-09-10
1583,2019-09-11
1584,2019-09-12
1585,2019-09-18
1586,2019-09-19
1587,2019-09-20
1588,2019-09-21
1589,2019-09-22
1590,2019-09-23
1591,2019-09-24
1592,2019-09-25
1593,2019-09-26
1594,2019-09-27
1595,2019-09-28
1596,2019-09-29
1597,2019-09-30
1598,2019-10-01
1599,2019-10-02
1600,2019-10-03
1601,2019-10-22
1602,2019-10-23
1603,2019-10-24
1604,2019-10-25
1605,2019-10-26
1606,2019-10-27
1607,2019-10-28
1608,2019-10-29
1609,2019-10-30
1610,2019-10-31
1611,2019-11-01
1612,2019-11-02
1613,2019-11-03
1614,2019-11-04
1615,2019-11-05
1616,2019-11-06
1617,2019-11-07
1618,2019-11-08
1619,2019-11-09
1620,2019-11-10
1621,2019-11-11
1622,2019-11-12
1623,2019-11-13
1624,2019-11-14
1625,2019-11-15
1626,2019-11-16
1627,2019-11-17
1628,2019-11-18
1629,2019-11-19
1630,2019-11-20
1631,2019-11-21
1632,2019-11-22
1633,2019-11-23
1634,2019-11-24
1635,2019-11-25
1636,2019-11-26
1637,2019-11-27
1638,2019-11-28
1639,2019-11-29
1640,2019-11-30
1641,2019-12-01
1642,2019-12-02
1643,2019-12-03
1644,2019-12-04
1645,2019-12-05
1646,2019-12-06
1647,2019-12-07
1648,2019-12-08
1649,2019-12-09
1650,2019-12-10
1651,2019-12-11
1652,2019-12-12
1653,2019-12-13
1654,2019-12-14
1655,2019-12-15
1656,2019-12-16
1657,2019-12-17
1658,2019-12-18
1659,2019-12-19
1660,2019-12-20
1661,2019-12-21
1662,2019-12-22
1663,2019-12-23
1664,2019-12-24
1665,2019-12-25
1666,2019-12-26
1667,2019-12-27
1668,2019-12-28
1669,2019-12-29
1670,2019-12-30
1671,2019-12-31
1672,2020-01-01
1673,2020-01-02
1674,2020-01-03
1675,2020-01-04
1676,2020-01-05
1677,2020-01-06
1678,2020-01-07
1679,2020-01-08
1680,2020-01-09
1681,2020-01-10
1682,2020-01-11
1683,2020-01-12
1684,2020-01-13
1685,2020-01-14
1686,2020-01-15
1687,2020-01-16
1688,2020-01-17
1689,2020-01-18
1690,2020-01-19
1691,2020-01-20
1692,2020-01-21
1693,2020-01-22
1694,2020-01-23
1695,2020-01-24
1696,2020-01-25
1697,2020-01-26
1698,2020-01-27
1699,2020-01-28
1700,2020-01-29
1701,2020-01-30
1702,2020-01-31
1703,2020-02-01
1704,2020-02-02
1705,2020-02-03
1706,2020-02-04
1707,2020-02-05
1708,2020-02-06
1709,2020-02-07
1710,2020-02-10
1711,2020-02-11
1712,2020-02-12
1713,2020-02-13
1714,2020-02-14
1715,2020-02-15
1716,2020-02-16
1717,2020-02-17
1718,2020-02-18
1719,2020-02-19
1720,2020-02-20
1721,2020-02-21
1722,2020-02-22
1723,2020-02-23
1724,2020-02-24
1725,2020-02-25
1726,2020-02-26
1727,2020-02-27
1728,2020-02-28
1729,2020-02-29
1730,2020-03-01
1731,2020-03-02
1732,2020-03-03
1733,2020-03-04
1734,2020-03-05
1735,2020-03-06
1736,2020-03-07
1737,2020-03-08
1738,2020-03-09
1739,2020-03-10
1740,2020-03-11
1741,2020-03-12
1742,2020-03-13
1743,2020-03-14
1744,2020-03-15
1745,2020-03-16
1746,2020-03-17
1747,2020-03-18
1748,2020-03-19
1749,2020-03-20
1750,2020-03-21
1751,2020-03-22
1752,2020-03-23
1753,2020-03-24
1754,2020-03-25
1755,2020-03-26
1756,2020-03-27
1757,2020-03-28
1758,2020-03-29
1759,2020-03-30
1760,2020-03-31
1761,2020-04-01
1762,2020-04-02
1763,2020-04-03
1764,2020-04-04
1765,2020-04-05
1766,2020-04-06
1767,2020-04-07
1768,2020-04-08
1769,2020-04-09
1770,2020-04-10
1771,2020-04-11
1772,2020-04-12
1773,2020-04-13
1774,2020-04-17
1775,2020-04-18
1776,2020-04-19
1777,2020-04-20
1778,2020-04-21
1779,2020-04-23
1780,2020-04-24
1781,2020-06-03
1782,2020-06-04
1783,2020-06-05
1784,2020-06-06
1785,2020-06-07
1786,2020-06-08
1787,2020-06-10
1788,2020-06-11
1789,2020-06-12
1790,2020-06-13
1791,2020-06-14
1792,2020-06-15
1793,2020-06-16
1794,2020-06-17
1795,2020-06-18
1796,2020-06-19
1797,2020-06-20
1798,2020-06-21
1799,2020-06-22
1800,2020-06-23
1801,2020-06-24
1802,2020-06-25
1803,2020-06-26
1804,2020-06-28
1805,2020-06-29
1806,2020-06-30
1807,2020-07-01
1808,2020-07-03
1809,2020-07-04
1810,2020-07-06
1811,2020-07-08
1812,2020-07-09
1813,2020-07-10
1814,2020-07-11
1815,2020-07-12
1816,2020-07-13
1817,2020-07-14
1818,2020-07-15
1819,2020-07-16
1820,2020-07-17
1821,2020-07-18
1822,2020-07-19
1823,2020-07-20
1824,2020-07-21
1825,2020-07-22
1826,2020-07-23
1827,2020-07-24
1828,2020-08-08
1829,2020-08-09
1830,2020-08-10
1831,2020-08-11
1832,2020-08-12
1833,2020-08-13
1834,2020-08-14
1835,2020-08-15
1836,2020-08-16
1837,2020-08-17
1838,2020-08-18
1839,2020-08-19
1840,2020-08-20
1841,2020-08-21
1842,2020-08-22
1843,2020-08-23
1844,2020-08-24
1845,2020-08-25
1846,2020-08-26
1847,2020-08-27
1848,2020-08-28
1849,2020-08-29
1850,2020-08-30
1851,2020-08-31
1852,2020-09-05
1853,2020-09-06
1854,2020-09-07
1855,2020-09-08
1856,2020-09-13
1857,2020-09-15
1858,2020-09-16
1859,2020-09-18
1860,2020-09-19
1861,2020-09-20
1862,2020-09-21
1863,2020-09-22
1864,2020-09-23
1865,2020-09-24
1866,2020-09-25
1867,2020-09-26
1868,2020-09-27
1869,2020-09-28
1870,2020-10-01
1871,2020-10-07
1872,2020-10-08
1873,2020-10-10
1874,2020-10-13
1875,2020-10-14
1876,2020-11-04
1877,2020-11-05
1878,2020-11-06
1879,2020-11-07
1880,2020-11-08
1881,2020-11-09
1882,2020-11-10
1883,2020-11-13
1884,2020-11-14
1885,2020-11-15
1886,2020-11-16
1887,2020-11-17
1888,2020-11-18
1889,2020-11-19
1890,2020-11-20
1891,2020-11-22
1892,2020-11-23
1893,2020-11-24
1894,2020-11-25
1895,2020-11-28
1896,2020-11-29
1897,2020-11-30
1898,2020-12-01
1899,2020-12-02
1900,2020-12-03
1901,2020-12-06
1902,2020-12-07
1903,2020-12-11
1904,2020-12-12
1905,2020-12-13
1906,2020-12-15
1907,2020-12-18
1908,2020-12-19
1909,2020-12-20
1910,2020-12-21
1911,2020-12-22
1912,2020-12-23
1913,2020-12-24
1914,2020-12-25
1915,2020-12-26
1916,2020-12-27
1917,2020-12-28
1918,2020-12-29
1919,2020-12-30
1920,2020-12-31
1921,2019-08-02
1922,2019-08-03
1923,2019-08-04
1924,2019-08-05
1925,2019-08-06
1926,2019-08-08
1927,2019-08-09
1928,2019-08-10
1929,2019-08-11
1930,2019-08-12
1931,2019-08-13
1932,2019-08-14
1933,2019-08-15
1934,2019-08-16
1935,2019-08-17
1936,2019-08-18
1937,2019-08-19
1938,2019-08-21
1939,2019-08-22
1940,2019-08-23
1941,2019-08-24
1942,2019-08-25
1943,2019-08-26
1944,2019-08-27
1945,2019-08-28
1946,2019-08-29
1947,2019-08-30
1948,2019-08-31
1949,2019-09-01
1950,2019-09-02
1951,2019-09-03
1952,2019-09-04
1953,2019-09-05
1954,2019-09-07
1955,2019-09-08
1956,2019-09-09
1957,2019-09-10
1958,2019-09-11
1959,2019-09-12
1960,2019-09-13
1961,2019-09-19
1962,2019-09-20
1963,2019-09-21
1964,2019-09-22
1965,2019-09-23
1966,2019-09-24
1967,2019-09-25
1968,2019-09-26
1969,2019-09-27
1970,2019-09-28
1971,2019-09-29
1972,2019-09-30
1973,2019-10-01
1974,2019-10-02
1975,2019-10-03
1976,2019-10-04
1977,2019-10-05
1978,2019-10-06
1979,2019-10-07
1980,2019-10-08
1981,2019-10-09
1982,2019-10-10
1983,2019-10-11
1984,2019-10-12
1985,2019-10-13
1986,2019-10-14
1987,2019-10-15
1988,2019-10-16
1989,2019-10-17
1990,2019-10-18
1991,2019-10-19
1992,2019-10-20
1993,2019-10-21
1994,2019-10-22
1995,2019-10-23
1996,2019-10-24
1997,2019-10-25
1998,2019-10-26
1999,2019-10-27
2000,2019-10-28
2001,2019-10-29
2002,2019-10-30
2003,2019-10-31
2004,2019-11-01
2005,2019-11-02
2006,2019-11-03
2007,2019-11-04
2008,2019-11-05
2009,2019-11-06
2010,2019-11-07
2011,2019-11-08
2012,2019-11-09
2013,2019-11-10
2014,2019-11-11
2015,2019-11-12
2016,2019-11-13
2017,2019-11-14
2018,2019-11-15
2019,2019-11-16
2020,2019-11-17
2021,2019-11-18
2022,2019-11-19
2023,2019-11-28
2024,2019-11-29
2025,2019-11-30
2026,2019-12-01
2027,2019-12-02
2028,2019-12-03
2029,2019-12-04
2030,2019-12-05
2031,2019-12-06
2032,2019-12-07
2033,2019-12-08
2034,2019-12-09
2035,2019-12-10
2036,2019-12-11
2037,2019-12-12
2038,2019-12-13
2039,2019-12-14
2040,2019-12-15
2041,2019-12-16
2042,2019-12-17
2043,2019-12-18
2044,2019-12-19
2045,2019-12-20
2046,2019-12-21
2047,2019-12-22
2048,2019-12-23
2049,2019-12-24
2050,2019-12-25
2051,2019-12-26
2052,2019-12-27
2053,2019-12-28
2054,2019-12-29
2055,2019-12-30
2056,2020-01-03
2057,2020-01-04
2058,2020-01-05
2059,2020-01-06
2060,2020-01-07
2061,2020-01-08
2062,2020-01-09
2063,2020-01-10
2064,2020-01-11
2065,2020-01-12
2066,2020-01-13
2067,2020-01-14
2068,2020-01-15
2069,2020-01-16
2070,2020-01-17
2071,2020-01-18
2072,2020-01-19
2073,2020-01-20
2074,2020-01-21
2075,2020-01-22
2076,2020-01-23
2077,2020-01-24
2078,2020-01-25
2079,2020-01-26
2080,2020-01-27
2081,2020-01-28
2082,2020-01-29
2083,2020-01-30
2084,2020-01-31
2085,2020-02-01
2086,2020-02-04
2087,2020-02-05
2088,2020-02-06
2089,2020-02-07
2090,2020-02-08
2091,2020-02-09
2092,2020-02-10
2093,2020-02-11
2094,2020-02-12
2095,2020-02-13
2096,2020-02-14
2097,2020-02-15
2098,2020-02-16
2099,2020-02-17
2100,2020-02-18
2101,2020-02-19
2102,2020-02-20
2103,2020-02-21
2104,2020-02-22
2105,2020-02-23
2106,2020-02-24
2107,2020-02-25
2108,2020-02-26
2109,2020-02-27
2110,2020-02-28
2111,2020-02-29
2112,2020-03-01
2113,2020-03-02
2114,2020-03-03
2115,2020-03-04
2116,2020-03-05
2117,2020-03-06
2118,2020-03-07
2119,2020-03-08
2120,2020-03-09
2121,2020-03-10
2122,2020-03-11
2123,2020-03-12
2124,2020-03-13
2125,2020-03-14
2126,2020-03-15
2127,2020-03-16
2128,2020-03-17
2129,2020-03-19
2130,2020-03-20
2131,2020-03-21
2132,2020-03-22
2133,2020-03-23
2134,2020-03-24
2135,2020-03-25
2136,2020-03-26
2137,2020-03-27
2138,2020-03-28
2139,2020-03-29
2140,2020-03-30
2141,2020-03-31
2142,2020-04-01
2143,2020-04-02
2144,2020-04-03
2145,2020-04-04
2146,2020-04-06
2147,2020-04-07
2148,2020-04-08
2149,2020-04-09
2150,2020-04-10
2151,2020-04-11
2152,2020-04-12
2153,2020-04-13
2154,2020-04-14
2155,2020-04-15
2156,2020-04-16
2157,2020-04-17
2158,2020-04-18
2159,2020-04-19
2160,2020-04-20
2161,2020-04-21
2162,2020-04-22
2163,2020-04-23
2164,2020-04-24
2165,2020-04-25
2166,2020-04-26
2167,2020-04-27
2168,2020-04-28
2169,2020-04-29
2170,2020-05-01
2171,2020-05-02
2172,2020-05-03
2173,2020-05-04
2174,2020-05-05
2175,2020-05-06
2176,2020-05-07
2177,2020-05-08
2178,2020-05-10
2179,2020-05-13
2180,2020-05-14
2181,2020-05-15
2182,2020-05-16
2183,2020-05-17
2184,2020-05-18
2185,2020-05-19
2186,2020-05-20
2187,2020-05-21
2188,2020-05-22
2189,2020-05-23
2190,2020-05-24
2191,2020-05-25
2192,2020-05-26
2193,2020-05-27
2194,2020-05-28
2195,2020-05-29
2196,2020-05-30
2197,2020-05-31
2198,2020-06-01
2199,2020-06-02
2200,2020-06-03
2201,2020-06-04
2202,2020-06-05
2203,2020-06-06
2204,2020-06-07
2205,2020-06-08
2206,2020-06-09
2207,2020-06-10
2208,2020-06-22
2209,2020-06-23
2210,2020-06-24
2211,2020-06-25
2212,2020-06-27
2213,2020-06-28
2214,2020-06-29
2215,2020-06-30
2216,2020-07-02
2217,2020-07-03
2218,2020-07-04
2219,2020-07-05
2220,2020-07-06
2221,2020-07-07
2222,2020-07-08
2223,2020-07-09
2224,2020-07-10
2225,2020-07-11
2226,2020-07-12
2227,2020-07-16
2228,2020-07-17
2229,2020-07-18
2230,2020-07-19
2231,2020-07-20
2232,2020-07-21
2233,2020-07-22
2234,2020-07-24
2235,2020-07-25
2236,2020-07-26
2237,2020-07-27
2238,2020-07-28
2239,2020-07-30
2240,2020-07-31
2241,2020-08-01
2242,2020-08-02
2243,2020-08-03
2244,2020-08-04
2245,2020-08-05
2246,2020-08-06
2247,2020-08-07
2248,2020-08-08
2249,2020-08-09
2250,2020-08-10
2251,2020-08-11
2252,2020-08-12
2253,2020-08-13
2254,2020-08-14
2255,2020-08-15
2256,2020-08-16
2257,2020-08-17
2258,2020-08-18
2259,2020-08-19
2260,2020-08-20
2261,2020-08-21
2262,2020-08-22
2263,2020-08-23
2264,2020-08-24
2265,2020-08-25
2266,2020-08-26
2267,2020-08-27
2268,2020-08-28
2269,2020-08-29
2270,2020-08-30
2271,2020-08-31
2272,2020-09-01
2273,2020-09-02
2274,2020-09-03
2275,2020-09-04
2276,2020-09-05
2277,2020-09-07
2278,2020-09-08
2279,2020-09-09
2280,2020-09-10
2281,2020-09-11
2282,2020-09-12
2283,2020-09-13
2284,2020-09-14
2285,2020-09-15
2286,2020-09-16
2287,2020-09-17
2288,2020-09-18
2289,2020-09-19
2290,2020-09-20
2291,2020-09-21
2292,2020-09-22
2293,2020-09-23
2294,2020-09-24
2295,2020-09-25
2296,2020-09-26
2297,2020-09-27
2298,2020-09-28
2299,2020-09-29
2300,2020-09-30
2301,2020-10-01
2302,2020-10-02
2303,2020-10-03
2304,2020-10-04
2305,2020-10-05
2306,2020-10-06
2307,2020-10-07
2308,2020-10-08
2309,2020-10-09
2310,2020-10-10
2311,2020-10-11
2312,2020-10-12
2313,2020-10-13
2314,2020-10-14
2315,2020-10-15
2316,2020-10-16
2317,2020-10-17
2318,2020-10-18
2319,2020-10-19
2320,2020-10-20
2321,2020-10-21
2322,2020-10-22
2323,2020-10-23
2324,2020-10-24
2325,2020-10-25
2326,2020-10-26
2327,2020-10-27
2328,2020-10-28
2329,2020-10-29
2330,2020-10-30
2331,2020-10-31
2332,2020-11-01
2333,2020-11-02
2334,2020-11-03
2335,2020-11-04
2336,2020-11-05
2337,2020-11-06
2338,2020-11-07
2339,2020-11-08
2340,2020-11-09
2341,2020-11-10
2342,2020-11-18
2343,2020-11-19
2344,2020-11-20
2345,2020-11-21
2346,2020-11-22
2347,2020-11-23
2348,2020-11-24
2349,2020-11-25
2350,2020-11-26
2351,2020-11-27
2352,2020-11-28
2353,2020-11-29
2354,2020-11-30
2355,2020-12-01
2356,2020-12-02
2357,2020-12-03
2358,2020-12-04
2359,2020-12-05
2360,2020-12-06
2361,2020-12-07
2362,2020-12-08
2363,2020-12-09
2364,2020-12-10
2365,2020-12-11
2366,2020-12-12
2367,2020-12-13
2368,2020-12-14
2369,2020-12-15
2370,2020-12-16
2371,2020-12-17
2372,2020-12-18
2373,2020-12-19
2374,2020-12-20
2375,2020-12-21
2376,2020-12-22
2377,2019-07-22
2378,2019-07-23
2379,2019-07-24
2380,2019-07-25
2381,2019-07-26
2382,2019-07-27
2383,2019-07-28
2384,2019-07-29
2385,2019-07-30
2386,2019-07-31
2387,2019-08-01
2388,2019-08-02
2389,2019-08-03
2390,2019-08-04
2391,2019-08-05
2392,2019-08-06
2393,2019-08-07
2394,2019-08-09
2395,2019-08-10
2396,2019-08-11
2397,2019-08-12
2398,2019-08-13
2399,2019-08-14
2400,2019-08-15
2401,2019-08-16
2402,2019-08-17
2403,2019-08-18
2404,2019-08-19
2405,2019-08-20
2406,2019-08-21
2407,2019-08-22
2408,2019-08-23
2409,2019-08-24
2410,2019-08-25
2411,2019-08-26
2412,2019-08-27
2413,2019-08-28
2414,2019-08-29
2415,2019-08-30
2416,2019-08-31
2417,2019-09-01
2418,2019-09-02
2419,2019-09-03
2420,2019-09-04
2421,2019-09-05
2422,2019-09-06
2423,2019-09-07
2424,2019-09-08
2425,2019-09-09
2426,2019-09-10
2427,2019-09-11
2428,2019-09-12
2429,2019-09-13
2430,2019-09-14
2431,2019-09-15
2432,2019-09-16
2433,2019-09-17
2434,2019-09-18
2435,2019-09-19
2436,2019-09-20
2437,2019-09-21
2438,2019-09-22
2439,2019-09-23
2440,2019-09-24
2441,2019-09-25
2442,2019-09-26
2443,2019-09-27
2444,2019-09-28
2445,2019-09-29
2446,2019-09-30
2447,2019-10-01
2448,2019-10-02
2449,2019-10-03
2450,2019-10-04
2451,2019-10-05
2452,2019-10-06
2453,2019-10-07
2454,2019-10-08
2455,2019-10-09
2456,2019-10-10
2457,2019-10-11
2458,2019-10-12
2459,2019-10-13
2460,2019-10-14
2461,2019-10-15
2462,2019-10-16
2463,2019-10-17
2464,2019-10-18
2465,2019-10-19
2466,2019-10-20
2467,2019-10-21
2468,2019-10-22
2469,2019-10-23
2470,2019-10-24
2471,2019-10-25
2472,2019-10-26
2473,2019-10-27
2474,2019-10-28
2475,2019-10-29
2476,2019-10-30
2477,2019-10-31
2478,2019-11-01
2479,2019-11-02
2480,2019-11-03
2481,2019-11-04
2482,2019-11-05
2483,2019-11-06
2484,2019-11-07
2485,2019-11-08
2486,2019-11-09
2487,2019-11-10
2488,2019-11-11
2489,2019-11-12
2490,2019-11-13
2491,2019-11-14
2492,2019-11-15
2493,2019-11-16
2494,2019-11-17
2495,2019-11-18
2496,2019-11-19
2497,2019-11-20
2498,2019-11-21
2499,2019-11-22
2500,2019-11-23
2501,2019-11-24
2502,2019-11-25
2503,2019-11-26
2504,2019-11-27
2505,2019-11-28
2506,2019-11-29
2507,2019-11-30
2508,2019-12-01
2509,2019-12-02
2510,2019-12-03
2511,2019-12-04
2512,2019-12-05
2513,2019-12-06
2514,2019-12-07
2515,2019-12-08
2516,2019-12-09
2517,2019-12-10
2518,2019-12-11
2519,2019-12-12
2520,2019-12-13
2521,2019-12-14
2522,2019-12-15
2523,2019-12-16
2524,2019-12-17
2525,2019-12-18
2526,2019-12-19
2527,2019-12-20
2528,2019-12-21
2529,2019-12-22
2530,2019-12-23
2531,2019-12-24
2532,2019-12-25
2533,2019-12-26
2534,2019-12-27
2535,2019-12-28
2536,2019-12-29
2537,2019-12-30
2538,2019-12-31
2539,2020-01-01
2540,2020-01-02
2541,2020-01-03
2542,2020-01-04
2543,2020-01-05
2544,2020-01-06
2545,2020-01-07
2546,2020-01-08
2547,2020-01-09
2548,2020-01-10
2549,2020-01-11
2550,2020-01-12
2551,2020-01-13
2552,2020-01-14
2553,2020-01-15
2554,2020-01-16
2555,2020-01-17
2556,2020-01-18
2557,2020-01-19
2558,2020-01-20
2559,2020-01-21
2560,2020-01-22
2561,2020-01-23
2562,2020-01-24
2563,2020-01-25
2564,2020-01-26
2565,2020-01-27
2566,2020-01-28
2567,2020-01-29
2568,2020-01-30
2569,2020-01-31
2570,2020-02-01
2571,2020-02-02
2572,2020-02-03
2573,2020-02-04
2574,2020-02-05
2575,2020-02-06
2576,2020-02-07
2577,2020-02-08
2578,2020-02-09
2579,2020-02-10
2580,2020-02-11
2581,2020-02-12
2582,2020-02-13
2583,2020-02-14
2584,2020-02-15
2585,2020-02-16
2586,2020-02-17
2587,2020-02-18
2588,2020-02-19
2589,2020-02-20
2590,2020-02-21
2591,2020-02-22
2592,2020-02-23
2593,2020-02-24
2594,2020-02-25
2595,2020-02-26
2596,2020-02-27
2597,2020-02-28
2598,2020-02-29
2599,2020-03-01
2600,2020-03-02
2601,2020-03-03
2602,2020-03-04
2603,2020-03-05
2604,2020-03-06
2605,2020-03-07
2606,2020-03-08
2607,2020-03-09
2608,2020-03-10
2609,2020-03-11
2610,2020-03-12
2611,2020-03-13
2612,2020-03-14
2613,2020-03-15
2614,2020-03-16
2615,2020-03-17
2616,2020-03-18
2617,2020-03-19
2618,2020-03-20
2619,2020-03-21
2620,2020-03-22
2621,2020-03-23
2622,2020-03-24
2623,2020-03-25
2624,2020-03-26
2625,2020-03-27
2626,2020-03-28
2627,2020-03-29
2628,2020-03-30
2629,2020-03-31
2630,2020-04-01
2631,2020-04-02
2632,2020-04-03
2633,2020-04-04
2634,2020-04-05
2635,2020-04-06
2636,2020-04-07
2637,2020-04-08
2638,2020-04-09
2639,2020-04-10
2640,2020-04-11
2641,2020-04-12
2642,2020-04-13
2643,2020-04-14
2644,2020-04-15
2645,2020-04-16
2646,2020-04-17
2647,2020-04-18
2648,2020-04-19
2649,2020-04-20
2650,2020-04-21
2651,2020-04-22
2652,2020-04-23
2653,2020-04-24
2654,2020-04-25
2655,2020-04-26
2656,2020-04-27
2657,2020-04-28
2658,2020-04-29
2659,2020-04-30
2660,2020-05-01
2661,2020-05-02
2662,2020-05-03
2663,2020-05-04
2664,2020-05-05
2665,2020-05-06
2666,2020-05-07
2667,2020-05-08
2668,2020-05-09
2669,2020-05-10
2670,2020-05-11
2671,2020-05-12
2672,2020-05-13
2673,2020-05-14
2674,2020-05-15
2675,2020-05-16
2676,2020-05-17
2677,2020-05-18
2678,2020-05-19
2679,2020-05-20
2680,2020-05-21
2681,2020-05-22
2682,2020-05-23
2683,2020-05-24
2684,2020-05-25
2685,2020-05-26
2686,2020-05-27
2687,2020-05-28
2688,2020-05-29
2689,2020-05-30
2690,2020-05-31
2691,2020-06-01
2692,2020-06-02
2693,2020-06-03
2694,2020-06-04
2695,2020-06-05
2696,2020-06-06
2697,2020-06-07
2698,2020-06-08
2699,2020-06-09
2700,2020-06-10
2701,2020-06-11
2702,2020-06-12
2703,2020-06-13
2704,2020-06-14
2705,2020-06-15
2706,2020-06-16
2707,2020-06-17
2708,2020-06-18
2709,2020-06-19
2710,2020-06-20
2711,2020-06-21
2712,2020-06-22
2713,2020-06-23
2714,2020-06-24
2715,2020-06-25
2716,2020-06-26
2717,2020-06-27
2718,2020-06-28
2719,2020-06-29
2720,2020-06-30
2721,2020-07-01
2722,2020-07-02
2723,2020-07-03
2724,2020-07-04
2725,2020-07-05
2726,2020-07-06
2727,2020-07-07
2728,2020-07-08
2729,2020-07-09
2730,2020-07-10
2731,2020-07-11
2732,2020-07-12
2733,2020-07-13
2734,2020-07-14
2735,2020-07-15
2736,2020-07-16
2737,2020-07-17
2738,2020-07-18
2739,2020-07-19
2740,2020-07-20
2741,2020-07-21
2742,2020-07-22
2743,2020-07-23
2744,2020-07-24
2745,2020-07-25
2746,2020-07-26
2747,2020-07-27
2748,2020-07-28
2749,2020-07-29
2750,2020-07-30
2751,2020-07-31
2752,2020-08-01
2753,2020-08-02
2754,2020-08-03
2755,2020-08-04
2756,2020-08-05
2757,2020-08-06
2758,2020-08-07
2759,2020-08-08
2760,2020-08-09
2761,2020-08-10
2762,2020-08-11
2763,2020-08-12
2764,2020-08-13
2765,2020-08-14
2766,2020-08-15
2767,2020-08-16
2768,2020-08-17
2769,2020-08-18
2770,2020-08-19
2771,2020-08-20
2772,2020-08-21
2773,2020-08-22
2774,2020-08-23
2775,2020-08-24
2776,2020-08-25
2777,2020-08-26
2778,2020-08-27
2779,2020-08-28
2780,2020-08-29
2781,2020-08-30
2782,2020-08-31
2783,2020-09-01
2784,2020-09-02
2785,2020-09-03
2786,2020-09-04
2787,2020-09-05
2788,2020-09-06
2789,2020-09-07
2790,2020-09-08
2791,2020-09-09
2792,2020-09-10
2793,2020-09-11
2794,2020-09-12
2795,2020-09-13
2796,2020-09-14
2797,2020-09-15
2798,2020-09-16
2799,2020-09-17
2800,2020-09-18
2801,2020-09-19
2802,2020-09-20
2803,2020-09-21
2804,2020-09-22
2805,2020-09-23
2806,2020-09-24
2807,2020-09-25
2808,2020-09-26
2809,2020-09-27
2810,2020-09-28
2811,2020-09-29
2812,2020-09-30
2813,2020-10-01
2814,2020-10-02
